  dinov2                 derm-varied-K20-0          12 groupings
  dinov2                 derm-varied-K20-1          12 groupings
  dinov2                 derm-varied-K20-2          12 groupings
  dinov2                 derm-varied-K20-3          12 groupings
  dinov2                 derm-crowded-K20-0         11 groupings
  dinov2                 derm-crowded-K20-1         11 groupings
  dinov2                 derm-crowded-K20-2         11 groupings
  dinov2                 derm-crowded-K20-3         11 groupings
  dinov2                 derm-varied-K30-0          12 groupings
  dinov2                 derm-varied-K30-1          12 groupings
  dinov2                 derm-varied-K30-2          12 groupings
  dinov2                 derm-varied-K30-3          12 groupings
  dinov2                 derm-crowded-K30-0         11 groupings
  dinov2                 derm-crowded-K30-1         11 groupings
  dinov2                 derm-crowded-K30-2         11 groupings
  dinov2                 derm-crowded-K30-3         11 groupings
  bioclip2               derm-varied-K20-0          12 groupings
  bioclip2               derm-varied-K20-1          12 groupings
  bioclip2               derm-varied-K20-2          12 groupings
  bioclip2               derm-varied-K20-3          12 groupings
  bioclip2               derm-crowded-K20-0         11 groupings
  bioclip2               derm-crowded-K20-1         11 groupings
  bioclip2               derm-crowded-K20-2         11 groupings
  bioclip2               derm-crowded-K20-3         11 groupings
  bioclip2               derm-varied-K30-0          12 groupings
  bioclip2               derm-varied-K30-1          12 groupings
  bioclip2               derm-varied-K30-2          12 groupings
  bioclip2               derm-varied-K30-3          12 groupings
  bioclip2               derm-crowded-K30-0         11 groupings
  bioclip2               derm-crowded-K30-1         11 groupings
  bioclip2               derm-crowded-K30-2         11 groupings
  bioclip2               derm-crowded-K30-3         11 groupings
  mobileclip2_s0         derm-varied-K20-0          12 groupings
  mobileclip2_s0         derm-varied-K20-1          12 groupings
  mobileclip2_s0         derm-varied-K20-2          12 groupings
  mobileclip2_s0         derm-varied-K20-3          12 groupings
  mobileclip2_s0         derm-crowded-K20-0         11 groupings
  mobileclip2_s0         derm-crowded-K20-1         11 groupings
  mobileclip2_s0         derm-crowded-K20-2         11 groupings
  mobileclip2_s0         derm-crowded-K20-3         11 groupings
  mobileclip2_s0         derm-varied-K30-0          12 groupings
  mobileclip2_s0         derm-varied-K30-1          12 groupings
  mobileclip2_s0         derm-varied-K30-2          12 groupings
  mobileclip2_s0         derm-varied-K30-3          12 groupings
  mobileclip2_s0         derm-crowded-K30-0         11 groupings
  mobileclip2_s0         derm-crowded-K30-1         11 groupings
  mobileclip2_s0         derm-crowded-K30-2         11 groupings
  mobileclip2_s0         derm-crowded-K30-3         11 groupings
  kws acoustic groups (n=3, declared): [('ac1', 15), ('ac0', 10), ('ac2', 10)]
  wav2vec2-base          kws-varied-K10-0           10 groupings
  wav2vec2-base          kws-varied-K10-1           10 groupings
  wav2vec2-base          kws-varied-K10-2           10 groupings
  wav2vec2-base          kws-crowded-K10-0          9 groupings
  wav2vec2-base          kws-crowded-K10-1          9 groupings
  wav2vec2-base          kws-crowded-K10-2          9 groupings
  wav2vec2-base          kws-varied-K14-0           11 groupings
  wav2vec2-base          kws-varied-K14-1           11 groupings
  wav2vec2-base          kws-varied-K14-2           11 groupings
  wav2vec2-base          kws-crowded-K14-0          10 groupings
  wav2vec2-base          kws-crowded-K14-1          10 groupings
  wav2vec2-base          kws-crowded-K14-2          10 groupings
  wav2vec2-base          kws-varied-K20-0           12 groupings
  wav2vec2-base          kws-varied-K20-1           12 groupings
  wav2vec2-base          kws-varied-K20-2           12 groupings

swept 3540 rows in 4116s -> data/processed/headroom_weak.csv
merged -> data/processed/headroom_full.csv: 10570 rows
3540 swept rows present and excluded from the pre-registered analysis below; they are used by the operating-point sections.

10570 rows = 1406 arms x 5 operating points [np.float64(0.05), np.float64(0.1), np.float64(0.2), np.float64(0.4), np.float64(0.6)]
Pre-registered analysis below uses p_ood = 0.2 only (1406 arms); the sweep follows it.

1406 arms, 166 label sets, 4 domains

admissibility: 20.7% of arms have coarse < 0.889 (need >= 20%) -> PASS
coarse accuracy spans [0.540, 1.000], fine [0.521, 1.000]
corr(fine, headroom) = -0.754   corr(coarse, headroom) = +0.202

grouping x break-even (n arms):
coarse     >= 0.889  < 0.889
grouping                    
genus           159        1
kmeans          804      116
published         3        3
random          149      171

corr(headroom_calib, headroom_test) = +0.978

P1  arms with |headroom| < 0.01: n=157, mean group share 0.0139, max 0.1125

P2  grouped 5-fold CV R^2 on group-answer share
      M_fine    +0.3607
      M_coarse  +0.1144
      M_head    +0.8823
      M_full    +0.9099
      raw b(fine)=-1.7471  c(coarse)=+2.1762  b+c=+0.4291 CI [+0.3685, +0.5007]  (0 => headroom parameterisation exact)
      sigma_fine=0.1293 sigma_coarse=0.0866

P3  group-answer share either side of coarse = 0.889
      coarse <  break-even: n= 291  mean group share 0.0931   | of those with headroom>0.15: n=  56, 0.2629
      coarse >= break-even: n=1115  mean group share 0.2511   | of those with headroom>0.15: n= 409, 0.5276

    median group-answer share, coarse x fine
fine       <.60  .60-.75  .75-.90   >.90
coarse                                  
<.70      0.005    0.014      NaN    NaN
.70-.80   0.123    0.034    0.006    NaN
.80-.889  0.277    0.265    0.025    NaN
.889-.95  0.470    0.407    0.109  0.012
>.95      0.646    0.591    0.227  0.073

P4  regressing in-catalogue label share on group share
      all arms  n=1406  corr(group,label)=-0.662  corr(group,decline)=-0.374
      crowded   n= 703  corr(group,label)=-0.381  corr(group,decline)=-0.826
      varied    n= 703  corr(group,label)=-0.575  corr(group,decline)=+0.137

========================================================================
OPERATING POINT: the term the 1.8x rule omits
========================================================================

headroom spread within an arm across operating points: max 0.00e+00  OK

realised retreat by operating point (2114 arms, 69 species sets)
       headroom  t_group   group   label  decline  1.8 x headroom
p_ood                                                            
0.05     0.1212   0.6945  0.2277  0.4940   0.2783          0.2182
0.10     0.1212   0.7471  0.2078  0.4758   0.3164          0.2182
0.20     0.1212   0.8076  0.1814  0.4380   0.3807          0.2182
0.40     0.1212   0.8761  0.1447  0.3520   0.5033          0.2182
0.60     0.1212   0.9192  0.1123  0.2443   0.6434          0.2182

      the prediction is pinned at 0.2182 throughout; what it predicts moves 0.2277 -> 0.1123 (2x)

grouped 5-fold CV R^2 on group-answer share, folds keyed on set_shape
      headroom alone (the published rule)  +0.6463
      p_ood alone                          +0.0433
      headroom + p_ood                     +0.6920
      headroom + p_ood + interaction       +0.7434
      headroom + t_group                   +0.6636

      group_share ~ +0.0449 +1.5232 * headroom -0.2030 * p_ood
      coef(headroom) = +1.5232  CI [+1.3308, +1.6691]  excludes 0
      coef(p_ood   ) = -0.2030  CI [-0.2526, -0.1496]  excludes 0

      corr(p_ood, t_group) = +0.724   corr(t_group, group_share) = -0.001
      t_group is fitted mostly to reject out-of-list inputs, so it rises
      with p_ood and squeezes the band between the thresholds that a
      group answer has to land in. That is the whole mechanism.

      median group_share / headroom by operating point (1.8 is the published floor)
      p_ood
      0.05    1.865
      0.10    1.666
      0.20    1.406
      0.40    1.012
      0.60    0.562
      A floor that holds only at the p_ood it was fitted at is not a floor.

------------------------------------------------------------------------
PER-DOMAIN: the operating-point coefficient, fitted separately
------------------------------------------------------------------------
  domain       arms  sets    fine  headroom  b(headroom)   b(p_ood)              CI(p_ood)
  audio          10     2   too few to fit
  derm         2770    18   0.697     0.144      +1.0329    -0.2996   [-0.3209, -0.2750]
  kws           780    15   0.842     0.051      +1.2029    -0.0992   [-0.1104, -0.0891]
  plants       7000    32   0.808     0.120      +1.6444    -0.1766   [-0.2540, -0.0866]
  text           10     2   too few to fit

      A more negative p_ood coefficient means the operating point costs
      that domain more. Read it beside mean fine accuracy: the claim is
      that the cost tracks model strength, not the domain's identity.

------------------------------------------------------------------------
OUT-OF-DOMAIN: rule fitted on ['plants'] (7000 rows), tested on ['audio', 'derm', 'kws', 'text'] (3570 rows)
------------------------------------------------------------------------
  rule: group_share ~ +0.0602 +1.6444 * headroom -0.1766 * p_ood

  arm               p_ood  headroom  measured  predicted  residual
  bioclip2|derm-crowded-K20-0   0.05    0.2001    0.4524     0.3804   +0.0720
  bioclip2|derm-crowded-K20-0   0.05    0.1571    0.2704     0.3097   -0.0392
  bioclip2|derm-crowded-K20-0   0.05    0.1421    0.2348     0.2850   -0.0502
  bioclip2|derm-crowded-K20-0   0.05    0.1787    0.2709     0.3453   -0.0744
  bioclip2|derm-crowded-K20-0   0.05    0.1397    0.2198     0.2810   -0.0612
  bioclip2|derm-crowded-K20-0   0.05    0.1070    0.0773     0.2274   -0.1501
  bioclip2|derm-crowded-K20-0   0.05    0.1474    0.2169     0.2938   -0.0769
  bioclip2|derm-crowded-K20-0   0.05    0.0817    0.0546     0.1856   -0.1311
  bioclip2|derm-crowded-K20-0   0.05    0.1904    0.2754     0.3645   -0.0891
  bioclip2|derm-crowded-K20-0   0.05    0.1513    0.1566     0.3002   -0.1436
  bioclip2|derm-crowded-K20-0   0.05    0.0557    0.0760     0.1430   -0.0670
  bioclip2|derm-crowded-K20-0   0.10    0.2001    0.3536     0.3716   -0.0180
  bioclip2|derm-crowded-K20-0   0.10    0.1571    0.2192     0.3008   -0.0817
  bioclip2|derm-crowded-K20-0   0.10    0.1421    0.2245     0.2762   -0.0517
  bioclip2|derm-crowded-K20-0   0.10    0.1787    0.1920     0.3365   -0.1444
  bioclip2|derm-crowded-K20-0   0.10    0.1397    0.2253     0.2722   -0.0469
  bioclip2|derm-crowded-K20-0   0.10    0.1070    0.0523     0.2185   -0.1662
  bioclip2|derm-crowded-K20-0   0.10    0.1474    0.1463     0.2849   -0.1386
  bioclip2|derm-crowded-K20-0   0.10    0.0817    0.0492     0.1768   -0.1276
  bioclip2|derm-crowded-K20-0   0.10    0.1904    0.2217     0.3556   -0.1340
  bioclip2|derm-crowded-K20-0   0.10    0.1513    0.1284     0.2914   -0.1630
  bioclip2|derm-crowded-K20-0   0.10    0.0557    0.0553     0.1342   -0.0789
  bioclip2|derm-crowded-K20-0   0.20    0.2001    0.2638     0.3539   -0.0901
  bioclip2|derm-crowded-K20-0   0.20    0.1571    0.1477     0.2832   -0.1355
  bioclip2|derm-crowded-K20-0   0.20    0.1421    0.1915     0.2585   -0.0671
  bioclip2|derm-crowded-K20-0   0.20    0.1787    0.1648     0.3188   -0.1540
  bioclip2|derm-crowded-K20-0   0.20    0.1397    0.1892     0.2545   -0.0653
  bioclip2|derm-crowded-K20-0   0.20    0.1070    0.0465     0.2009   -0.1544
  bioclip2|derm-crowded-K20-0   0.20    0.1474    0.1182     0.2673   -0.1491
  bioclip2|derm-crowded-K20-0   0.20    0.0817    0.0492     0.1592   -0.1100
  bioclip2|derm-crowded-K20-0   0.20    0.1904    0.1642     0.3380   -0.1738
  bioclip2|derm-crowded-K20-0   0.20    0.1513    0.0689     0.2737   -0.2048
  bioclip2|derm-crowded-K20-0   0.20    0.0557    0.0240     0.1165   -0.0925
  bioclip2|derm-crowded-K20-0   0.40    0.2001    0.2102     0.3186   -0.1084
  bioclip2|derm-crowded-K20-0   0.40    0.1571    0.1248     0.2479   -0.1231
  bioclip2|derm-crowded-K20-0   0.40    0.1421    0.1776     0.2232   -0.0456
  bioclip2|derm-crowded-K20-0   0.40    0.1787    0.1479     0.2835   -0.1356
  bioclip2|derm-crowded-K20-0   0.40    0.1397    0.1537     0.2192   -0.0655
  bioclip2|derm-crowded-K20-0   0.40    0.1070    0.0284     0.1656   -0.1372
  bioclip2|derm-crowded-K20-0   0.40    0.1474    0.1088     0.2320   -0.1232
  bioclip2|derm-crowded-K20-0   0.40    0.0817    0.0367     0.1238   -0.0872
  bioclip2|derm-crowded-K20-0   0.40    0.1904    0.1171     0.3027   -0.1855
  bioclip2|derm-crowded-K20-0   0.40    0.1513    0.0357     0.2384   -0.2027
  bioclip2|derm-crowded-K20-0   0.40    0.0557    0.0039     0.0812   -0.0773
  bioclip2|derm-crowded-K20-0   0.60    0.2001    0.0809     0.2833   -0.2024
  bioclip2|derm-crowded-K20-0   0.60    0.1571    0.1141     0.2126   -0.0985
  bioclip2|derm-crowded-K20-0   0.60    0.1421    0.1585     0.1879   -0.0294
  bioclip2|derm-crowded-K20-0   0.60    0.1787    0.1358     0.2482   -0.1124
  bioclip2|derm-crowded-K20-0   0.60    0.1397    0.1405     0.1839   -0.0434
  bioclip2|derm-crowded-K20-0   0.60    0.1070    0.0343     0.1303   -0.0959
  bioclip2|derm-crowded-K20-0   0.60    0.1474    0.0918     0.1967   -0.1048
  bioclip2|derm-crowded-K20-0   0.60    0.0817    0.0367     0.0885   -0.0519
  bioclip2|derm-crowded-K20-0   0.60    0.1904    0.0964     0.2674   -0.1709
  bioclip2|derm-crowded-K20-0   0.60    0.1513    0.0290     0.2031   -0.1741
  bioclip2|derm-crowded-K20-0   0.60    0.0557    0.0039     0.0459   -0.0420
  bioclip2|derm-crowded-K20-1   0.05    0.2915    0.5771     0.5307   +0.0464
  bioclip2|derm-crowded-K20-1   0.05    0.2100    0.3225     0.3966   -0.0742
  bioclip2|derm-crowded-K20-1   0.05    0.1904    0.3464     0.3645   -0.0182
  bioclip2|derm-crowded-K20-1   0.05    0.2022    0.3663     0.3838   -0.0176
  bioclip2|derm-crowded-K20-1   0.05    0.1529    0.2341     0.3028   -0.0688
  bioclip2|derm-crowded-K20-1   0.05    0.0455    0.0528     0.1262   -0.0734
  bioclip2|derm-crowded-K20-1   0.05    0.0619    0.1212     0.1532   -0.0320
  bioclip2|derm-crowded-K20-1   0.05    0.0853    0.1128     0.1916   -0.0788
  bioclip2|derm-crowded-K20-1   0.05    0.1083    0.1610     0.2295   -0.0685
  bioclip2|derm-crowded-K20-1   0.05    0.0678    0.1216     0.1629   -0.0413
  bioclip2|derm-crowded-K20-1   0.05    0.0269    0.0136     0.0957   -0.0820
  bioclip2|derm-crowded-K20-1   0.10    0.2915    0.5068     0.5219   -0.0151
  bioclip2|derm-crowded-K20-1   0.10    0.2100    0.2972     0.3878   -0.0906
  bioclip2|derm-crowded-K20-1   0.10    0.1904    0.3240     0.3557   -0.0317
  bioclip2|derm-crowded-K20-1   0.10    0.2022    0.3042     0.3750   -0.0708
  bioclip2|derm-crowded-K20-1   0.10    0.1529    0.2235     0.2940   -0.0704
  bioclip2|derm-crowded-K20-1   0.10    0.0455    0.0415     0.1174   -0.0758
  bioclip2|derm-crowded-K20-1   0.10    0.0619    0.0723     0.1444   -0.0721
  bioclip2|derm-crowded-K20-1   0.10    0.0853    0.1128     0.1828   -0.0700
  bioclip2|derm-crowded-K20-1   0.10    0.1083    0.1250     0.2206   -0.0956
  bioclip2|derm-crowded-K20-1   0.10    0.0678    0.0949     0.1541   -0.0592
  bioclip2|derm-crowded-K20-1   0.10    0.0269    0.0136     0.0868   -0.0732
  bioclip2|derm-crowded-K20-1   0.20    0.2915    0.4093     0.5043   -0.0950
  bioclip2|derm-crowded-K20-1   0.20    0.2100    0.2411     0.3701   -0.1290
  bioclip2|derm-crowded-K20-1   0.20    0.1904    0.2703     0.3380   -0.0677
  bioclip2|derm-crowded-K20-1   0.20    0.2022    0.1757     0.3574   -0.1817
  bioclip2|derm-crowded-K20-1   0.20    0.1529    0.2102     0.2763   -0.0661
  bioclip2|derm-crowded-K20-1   0.20    0.0455    0.0493     0.0997   -0.0504
  bioclip2|derm-crowded-K20-1   0.20    0.0619    0.0550     0.1267   -0.0717
  bioclip2|derm-crowded-K20-1   0.20    0.0853    0.1049     0.1651   -0.0603
  bioclip2|derm-crowded-K20-1   0.20    0.1083    0.0444     0.2030   -0.1586
  bioclip2|derm-crowded-K20-1   0.20    0.0678    0.0720     0.1364   -0.0644
  bioclip2|derm-crowded-K20-1   0.20    0.0269    0.0122     0.0692   -0.0570
  bioclip2|derm-crowded-K20-1   0.40    0.2915    0.2292     0.4689   -0.2397
  bioclip2|derm-crowded-K20-1   0.40    0.2100    0.1266     0.3348   -0.2083
  bioclip2|derm-crowded-K20-1   0.40    0.1904    0.1355     0.3027   -0.1672
  bioclip2|derm-crowded-K20-1   0.40    0.2022    0.1281     0.3221   -0.1939
  bioclip2|derm-crowded-K20-1   0.40    0.1529    0.1747     0.2410   -0.0663
  bioclip2|derm-crowded-K20-1   0.40    0.0455    0.0659     0.0644   +0.0015
  bioclip2|derm-crowded-K20-1   0.40    0.0619    0.0538     0.0914   -0.0376
  bioclip2|derm-crowded-K20-1   0.40    0.0853    0.0803     0.1298   -0.0495
  bioclip2|derm-crowded-K20-1   0.40    0.1083    0.0184     0.1677   -0.1493
  bioclip2|derm-crowded-K20-1   0.40    0.0678    0.1062     0.1011   +0.0051
  bioclip2|derm-crowded-K20-1   0.40    0.0269    0.0047     0.0339   -0.0292
  bioclip2|derm-crowded-K20-1   0.60    0.2915    0.1124     0.4336   -0.3212
  bioclip2|derm-crowded-K20-1   0.60    0.2100    0.0824     0.2995   -0.2171
  bioclip2|derm-crowded-K20-1   0.60    0.1904    0.0960     0.2674   -0.1714
  bioclip2|derm-crowded-K20-1   0.60    0.2022    0.1231     0.2867   -0.1637
  bioclip2|derm-crowded-K20-1   0.60    0.1529    0.1072     0.2057   -0.0985
  bioclip2|derm-crowded-K20-1   0.60    0.0455    0.0382     0.0291   +0.0091
  bioclip2|derm-crowded-K20-1   0.60    0.0619    0.0319     0.0561   -0.0242
  bioclip2|derm-crowded-K20-1   0.60    0.0853    0.0757     0.0945   -0.0188
  bioclip2|derm-crowded-K20-1   0.60    0.1083    0.0135     0.1324   -0.1189
  bioclip2|derm-crowded-K20-1   0.60    0.0678    0.0738     0.0658   +0.0080
  bioclip2|derm-crowded-K20-1   0.60    0.0269    0.0047    -0.0014   +0.0061
  bioclip2|derm-crowded-K20-2   0.05    0.1656    0.3091     0.3237   -0.0146
  bioclip2|derm-crowded-K20-2   0.05    0.1314    0.2140     0.2675   -0.0535
  bioclip2|derm-crowded-K20-2   0.05    0.0672    0.1435     0.1618   -0.0183
  bioclip2|derm-crowded-K20-2   0.05    0.1052    0.2164     0.2244   -0.0079
  bioclip2|derm-crowded-K20-2   0.05    0.0945    0.1827     0.2068   -0.0241
  bioclip2|derm-crowded-K20-2   0.05    0.0665    0.0511     0.1608   -0.1097
  bioclip2|derm-crowded-K20-2   0.05    0.0323    0.0397     0.1045   -0.0648
  bioclip2|derm-crowded-K20-2   0.05    0.0269    0.0512     0.0956   -0.0444
  bioclip2|derm-crowded-K20-2   0.05    0.0907    0.1115     0.2005   -0.0891
  bioclip2|derm-crowded-K20-2   0.05    0.0360    0.0383     0.1106   -0.0724
  bioclip2|derm-crowded-K20-2   0.05    0.0677    0.0620     0.1627   -0.1007
  bioclip2|derm-crowded-K20-2   0.10    0.1656    0.2103     0.3149   -0.1046
  bioclip2|derm-crowded-K20-2   0.10    0.1314    0.2005     0.2586   -0.0581
  bioclip2|derm-crowded-K20-2   0.10    0.0672    0.1219     0.1530   -0.0310
  bioclip2|derm-crowded-K20-2   0.10    0.1052    0.2138     0.2155   -0.0017
  bioclip2|derm-crowded-K20-2   0.10    0.0945    0.1328     0.1979   -0.0651
  bioclip2|derm-crowded-K20-2   0.10    0.0665    0.0441     0.1520   -0.1079
  bioclip2|derm-crowded-K20-2   0.10    0.0323    0.0231     0.0957   -0.0726
  bioclip2|derm-crowded-K20-2   0.10    0.0269    0.0466     0.0868   -0.0402
  bioclip2|derm-crowded-K20-2   0.10    0.0907    0.1031     0.1917   -0.0886
  bioclip2|derm-crowded-K20-2   0.10    0.0360    0.0420     0.1018   -0.0598
  bioclip2|derm-crowded-K20-2   0.10    0.0677    0.0699     0.1539   -0.0840
  bioclip2|derm-crowded-K20-2   0.20    0.1656    0.1778     0.2972   -0.1194
  bioclip2|derm-crowded-K20-2   0.20    0.1314    0.1247     0.2410   -0.1162
  bioclip2|derm-crowded-K20-2   0.20    0.0672    0.1048     0.1353   -0.0305
  bioclip2|derm-crowded-K20-2   0.20    0.1052    0.1469     0.1979   -0.0510
  bioclip2|derm-crowded-K20-2   0.20    0.0945    0.1284     0.1803   -0.0519
  bioclip2|derm-crowded-K20-2   0.20    0.0665    0.0394     0.1343   -0.0950
  bioclip2|derm-crowded-K20-2   0.20    0.0323    0.0231     0.0780   -0.0550
  bioclip2|derm-crowded-K20-2   0.20    0.0269    0.0413     0.0691   -0.0278
  bioclip2|derm-crowded-K20-2   0.20    0.0907    0.0981     0.1741   -0.0759
  bioclip2|derm-crowded-K20-2   0.20    0.0360    0.0345     0.0841   -0.0497
  bioclip2|derm-crowded-K20-2   0.20    0.0677    0.0344     0.1362   -0.1019
  bioclip2|derm-crowded-K20-2   0.40    0.1656    0.0958     0.2619   -0.1661
  bioclip2|derm-crowded-K20-2   0.40    0.1314    0.0614     0.2057   -0.1443
  bioclip2|derm-crowded-K20-2   0.40    0.0672    0.0664     0.1000   -0.0336
  bioclip2|derm-crowded-K20-2   0.40    0.1052    0.0834     0.1626   -0.0791
  bioclip2|derm-crowded-K20-2   0.40    0.0945    0.0877     0.1450   -0.0573
  bioclip2|derm-crowded-K20-2   0.40    0.0665    0.0394     0.0990   -0.0596
  bioclip2|derm-crowded-K20-2   0.40    0.0323    0.0231     0.0427   -0.0196
  bioclip2|derm-crowded-K20-2   0.40    0.0269    0.0226     0.0338   -0.0112
  bioclip2|derm-crowded-K20-2   0.40    0.0907    0.0211     0.1387   -0.1177
  bioclip2|derm-crowded-K20-2   0.40    0.0360    0.0265     0.0488   -0.0224
  bioclip2|derm-crowded-K20-2   0.40    0.0677    0.0175     0.1009   -0.0834
  bioclip2|derm-crowded-K20-2   0.60    0.1656    0.0285     0.2266   -0.1981
  bioclip2|derm-crowded-K20-2   0.60    0.1314    0.0428     0.1704   -0.1276
  bioclip2|derm-crowded-K20-2   0.60    0.0672    0.0404     0.0647   -0.0243
  bioclip2|derm-crowded-K20-2   0.60    0.1052    0.0525     0.1273   -0.0748
  bioclip2|derm-crowded-K20-2   0.60    0.0945    0.0341     0.1097   -0.0756
  bioclip2|derm-crowded-K20-2   0.60    0.0665    0.0089     0.0637   -0.0547
  bioclip2|derm-crowded-K20-2   0.60    0.0323    0.0026     0.0074   -0.0047
  bioclip2|derm-crowded-K20-2   0.60    0.0269    0.0000    -0.0015   +0.0015
  bioclip2|derm-crowded-K20-2   0.60    0.0907    0.0052     0.1034   -0.0983
  bioclip2|derm-crowded-K20-2   0.60    0.0360    0.0117     0.0135   -0.0018
  bioclip2|derm-crowded-K20-2   0.60    0.0677    0.0117     0.0656   -0.0539
  bioclip2|derm-crowded-K20-3   0.05    0.2139    0.4679     0.4032   +0.0648
  bioclip2|derm-crowded-K20-3   0.05    0.2464    0.5531     0.4566   +0.0965
  bioclip2|derm-crowded-K20-3   0.05    0.1264    0.3728     0.2593   +0.1135
  bioclip2|derm-crowded-K20-3   0.05    0.1846    0.2749     0.3549   -0.0800
  bioclip2|derm-crowded-K20-3   0.05    0.0929    0.2574     0.2041   +0.0533
  bioclip2|derm-crowded-K20-3   0.05    0.1125    0.2899     0.2364   +0.0535
  bioclip2|derm-crowded-K20-3   0.05    0.0898    0.2635     0.1990   +0.0645
  bioclip2|derm-crowded-K20-3   0.05    0.0540    0.2363     0.1401   +0.0962
  bioclip2|derm-crowded-K20-3   0.05    0.0917    0.1245     0.2021   -0.0776
  bioclip2|derm-crowded-K20-3   0.05    0.0950    0.0444     0.2075   -0.1631
  bioclip2|derm-crowded-K20-3   0.05    0.0740    0.0137     0.1730   -0.1592
  bioclip2|derm-crowded-K20-3   0.10    0.2139    0.3042     0.3943   -0.0901
  bioclip2|derm-crowded-K20-3   0.10    0.2464    0.4312     0.4478   -0.0165
  bioclip2|derm-crowded-K20-3   0.10    0.1264    0.3289     0.2505   +0.0784
  bioclip2|derm-crowded-K20-3   0.10    0.1846    0.2640     0.3460   -0.0820
  bioclip2|derm-crowded-K20-3   0.10    0.0929    0.2531     0.1953   +0.0578
  bioclip2|derm-crowded-K20-3   0.10    0.1125    0.2555     0.2275   +0.0280
  bioclip2|derm-crowded-K20-3   0.10    0.0898    0.2515     0.1902   +0.0613
  bioclip2|derm-crowded-K20-3   0.10    0.0540    0.1988     0.1313   +0.0675
  bioclip2|derm-crowded-K20-3   0.10    0.0917    0.1056     0.1933   -0.0877
  bioclip2|derm-crowded-K20-3   0.10    0.0950    0.0424     0.1987   -0.1563
  bioclip2|derm-crowded-K20-3   0.10    0.0740    0.0147     0.1642   -0.1494
  bioclip2|derm-crowded-K20-3   0.20    0.2139    0.2609     0.3767   -0.1158
  bioclip2|derm-crowded-K20-3   0.20    0.2464    0.2989     0.4301   -0.1312
  bioclip2|derm-crowded-K20-3   0.20    0.1264    0.1870     0.2328   -0.0458
  bioclip2|derm-crowded-K20-3   0.20    0.1846    0.1839     0.3284   -0.1445
  bioclip2|derm-crowded-K20-3   0.20    0.0929    0.1786     0.1776   +0.0009
  bioclip2|derm-crowded-K20-3   0.20    0.1125    0.2073     0.2099   -0.0026
  bioclip2|derm-crowded-K20-3   0.20    0.0898    0.1984     0.1725   +0.0259
  bioclip2|derm-crowded-K20-3   0.20    0.0540    0.1691     0.1136   +0.0554
  bioclip2|derm-crowded-K20-3   0.20    0.0917    0.0741     0.1756   -0.1015
  bioclip2|derm-crowded-K20-3   0.20    0.0950    0.0243     0.1810   -0.1567
  bioclip2|derm-crowded-K20-3   0.20    0.0740    0.0067     0.1465   -0.1398
  bioclip2|derm-crowded-K20-3   0.40    0.2139    0.1538     0.3414   -0.1875
  bioclip2|derm-crowded-K20-3   0.40    0.2464    0.1916     0.3948   -0.2032
  bioclip2|derm-crowded-K20-3   0.40    0.1264    0.0779     0.1975   -0.1196
  bioclip2|derm-crowded-K20-3   0.40    0.1846    0.0480     0.2931   -0.2451
  bioclip2|derm-crowded-K20-3   0.40    0.0929    0.0544     0.1423   -0.0879
  bioclip2|derm-crowded-K20-3   0.40    0.1125    0.0381     0.1746   -0.1365
  bioclip2|derm-crowded-K20-3   0.40    0.0898    0.0663     0.1372   -0.0709
  bioclip2|derm-crowded-K20-3   0.40    0.0540    0.0630     0.0783   -0.0153
  bioclip2|derm-crowded-K20-3   0.40    0.0917    0.0531     0.1403   -0.0873
  bioclip2|derm-crowded-K20-3   0.40    0.0950    0.0079     0.1457   -0.1378
  bioclip2|derm-crowded-K20-3   0.40    0.0740    0.0000     0.1112   -0.1112
  bioclip2|derm-crowded-K20-3   0.60    0.2139    0.0293     0.3060   -0.2767
  bioclip2|derm-crowded-K20-3   0.60    0.2464    0.0340     0.3595   -0.3255
  bioclip2|derm-crowded-K20-3   0.60    0.1264    0.0310     0.1622   -0.1312
  bioclip2|derm-crowded-K20-3   0.60    0.1846    0.0423     0.2578   -0.2155
  bioclip2|derm-crowded-K20-3   0.60    0.0929    0.0177     0.1070   -0.0893
  bioclip2|derm-crowded-K20-3   0.60    0.1125    0.0128     0.1393   -0.1264
  bioclip2|derm-crowded-K20-3   0.60    0.0898    0.0296     0.1019   -0.0723
  bioclip2|derm-crowded-K20-3   0.60    0.0540    0.0165     0.0430   -0.0265
  bioclip2|derm-crowded-K20-3   0.60    0.0917    0.0173     0.1050   -0.0877
  bioclip2|derm-crowded-K20-3   0.60    0.0950    0.0056     0.1104   -0.1048
  bioclip2|derm-crowded-K20-3   0.60    0.0740    0.0031     0.0759   -0.0728
  bioclip2|derm-crowded-K30-0   0.05    0.2485    0.5121     0.4599   +0.0521
  bioclip2|derm-crowded-K30-0   0.05    0.2317    0.3094     0.4325   -0.1231
  bioclip2|derm-crowded-K30-0   0.05    0.1199    0.2120     0.2486   -0.0366
  bioclip2|derm-crowded-K30-0   0.05    0.0893    0.1500     0.1983   -0.0483
  bioclip2|derm-crowded-K30-0   0.05    0.1708    0.2321     0.3323   -0.1002
  bioclip2|derm-crowded-K30-0   0.05    0.0981    0.1291     0.2127   -0.0836
  bioclip2|derm-crowded-K30-0   0.05    0.0718    0.0913     0.1695   -0.0782
  bioclip2|derm-crowded-K30-0   0.05    0.0751    0.1030     0.1749   -0.0719
  bioclip2|derm-crowded-K30-0   0.05    0.1371    0.1651     0.2768   -0.1117
  bioclip2|derm-crowded-K30-0   0.05    0.1099    0.0658     0.2320   -0.1663
  bioclip2|derm-crowded-K30-0   0.05    0.0737    0.0951     0.1726   -0.0775
  bioclip2|derm-crowded-K30-0   0.10    0.2485    0.4142     0.4511   -0.0369
  bioclip2|derm-crowded-K30-0   0.10    0.2317    0.2931     0.4236   -0.1305
  bioclip2|derm-crowded-K30-0   0.10    0.1199    0.1700     0.2397   -0.0698
  bioclip2|derm-crowded-K30-0   0.10    0.0893    0.1304     0.1895   -0.0591
  bioclip2|derm-crowded-K30-0   0.10    0.1708    0.2006     0.3234   -0.1228
  bioclip2|derm-crowded-K30-0   0.10    0.0981    0.1221     0.2039   -0.0817
  bioclip2|derm-crowded-K30-0   0.10    0.0718    0.0820     0.1607   -0.0787
  bioclip2|derm-crowded-K30-0   0.10    0.0751    0.0948     0.1660   -0.0713
  bioclip2|derm-crowded-K30-0   0.10    0.1371    0.1639     0.2680   -0.1041
  bioclip2|derm-crowded-K30-0   0.10    0.1099    0.0576     0.2232   -0.1657
  bioclip2|derm-crowded-K30-0   0.10    0.0737    0.0951     0.1638   -0.0687
  bioclip2|derm-crowded-K30-0   0.20    0.2485    0.2367     0.4335   -0.1967
  bioclip2|derm-crowded-K30-0   0.20    0.2317    0.2853     0.4060   -0.1206
  bioclip2|derm-crowded-K30-0   0.20    0.1199    0.1213     0.2221   -0.1008
  bioclip2|derm-crowded-K30-0   0.20    0.0893    0.1188     0.1718   -0.0530
  bioclip2|derm-crowded-K30-0   0.20    0.1708    0.1702     0.3058   -0.1356
  bioclip2|derm-crowded-K30-0   0.20    0.0981    0.0910     0.1862   -0.0953
  bioclip2|derm-crowded-K30-0   0.20    0.0718    0.0604     0.1430   -0.0827
  bioclip2|derm-crowded-K30-0   0.20    0.0751    0.0695     0.1484   -0.0789
  bioclip2|derm-crowded-K30-0   0.20    0.1371    0.0875     0.2504   -0.1629
  bioclip2|derm-crowded-K30-0   0.20    0.1099    0.0497     0.2056   -0.1559
  bioclip2|derm-crowded-K30-0   0.20    0.0737    0.0513     0.1461   -0.0948
  bioclip2|derm-crowded-K30-0   0.40    0.2485    0.1115     0.3981   -0.2867
  bioclip2|derm-crowded-K30-0   0.40    0.2317    0.2106     0.3707   -0.1601
  bioclip2|derm-crowded-K30-0   0.40    0.1199    0.0861     0.1868   -0.1007
  bioclip2|derm-crowded-K30-0   0.40    0.0893    0.0636     0.1365   -0.0730
  bioclip2|derm-crowded-K30-0   0.40    0.1708    0.1154     0.2705   -0.1551
  bioclip2|derm-crowded-K30-0   0.40    0.0981    0.0513     0.1509   -0.0996
  bioclip2|derm-crowded-K30-0   0.40    0.0718    0.0402     0.1077   -0.0675
  bioclip2|derm-crowded-K30-0   0.40    0.0751    0.0583     0.1131   -0.0547
  bioclip2|derm-crowded-K30-0   0.40    0.1371    0.0477     0.2150   -0.1674
  bioclip2|derm-crowded-K30-0   0.40    0.1099    0.0059     0.1703   -0.1644
  bioclip2|derm-crowded-K30-0   0.40    0.0737    0.0373     0.1108   -0.0735
  bioclip2|derm-crowded-K30-0   0.60    0.2485    0.0628     0.3628   -0.3000
  bioclip2|derm-crowded-K30-0   0.60    0.2317    0.1504     0.3353   -0.1849
  bioclip2|derm-crowded-K30-0   0.60    0.1199    0.0118     0.1514   -0.1397
  bioclip2|derm-crowded-K30-0   0.60    0.0893    0.0220     0.1012   -0.0792
  bioclip2|derm-crowded-K30-0   0.60    0.1708    0.0626     0.2352   -0.1725
  bioclip2|derm-crowded-K30-0   0.60    0.0981    0.0368     0.1156   -0.0788
  bioclip2|derm-crowded-K30-0   0.60    0.0718    0.0203     0.0724   -0.0521
  bioclip2|derm-crowded-K30-0   0.60    0.0751    0.0255     0.0778   -0.0522
  bioclip2|derm-crowded-K30-0   0.60    0.1371    0.0314     0.1797   -0.1483
  bioclip2|derm-crowded-K30-0   0.60    0.1099    0.0059     0.1349   -0.1291
  bioclip2|derm-crowded-K30-0   0.60    0.0737    0.0155     0.0755   -0.0600
  bioclip2|derm-crowded-K30-1   0.05    0.3291    0.6656     0.5925   +0.0731
  bioclip2|derm-crowded-K30-1   0.05    0.1488    0.2858     0.2961   -0.0103
  bioclip2|derm-crowded-K30-1   0.05    0.1473    0.2902     0.2937   -0.0034
  bioclip2|derm-crowded-K30-1   0.05    0.1625    0.2569     0.3187   -0.0617
  bioclip2|derm-crowded-K30-1   0.05    0.1672    0.2509     0.3263   -0.0754
  bioclip2|derm-crowded-K30-1   0.05    0.1286    0.1717     0.2628   -0.0911
  bioclip2|derm-crowded-K30-1   0.05    0.1302    0.1799     0.2656   -0.0856
  bioclip2|derm-crowded-K30-1   0.05    0.0953    0.1824     0.2080   -0.0256
  bioclip2|derm-crowded-K30-1   0.05    0.1399    0.0847     0.2814   -0.1967
  bioclip2|derm-crowded-K30-1   0.05    0.0882    0.0416     0.1965   -0.1549
  bioclip2|derm-crowded-K30-1   0.05    0.0475    0.0227     0.1294   -0.1067
  bioclip2|derm-crowded-K30-1   0.10    0.3291    0.6153     0.5836   +0.0317
  bioclip2|derm-crowded-K30-1   0.10    0.1488    0.2540     0.2872   -0.0333
  bioclip2|derm-crowded-K30-1   0.10    0.1473    0.2810     0.2848   -0.0038
  bioclip2|derm-crowded-K30-1   0.10    0.1625    0.1382     0.3098   -0.1717
  bioclip2|derm-crowded-K30-1   0.10    0.1672    0.2277     0.3175   -0.0898
  bioclip2|derm-crowded-K30-1   0.10    0.1286    0.1590     0.2540   -0.0950
  bioclip2|derm-crowded-K30-1   0.10    0.1302    0.1656     0.2567   -0.0912
  bioclip2|derm-crowded-K30-1   0.10    0.0953    0.1679     0.1992   -0.0313
  bioclip2|derm-crowded-K30-1   0.10    0.1399    0.0596     0.2726   -0.2130
  bioclip2|derm-crowded-K30-1   0.10    0.0882    0.0305     0.1876   -0.1571
  bioclip2|derm-crowded-K30-1   0.10    0.0475    0.0227     0.1206   -0.0979
  bioclip2|derm-crowded-K30-1   0.20    0.3291    0.5556     0.5660   -0.0104
  bioclip2|derm-crowded-K30-1   0.20    0.1488    0.1254     0.2696   -0.1442
  bioclip2|derm-crowded-K30-1   0.20    0.1473    0.2060     0.2672   -0.0612
  bioclip2|derm-crowded-K30-1   0.20    0.1625    0.0852     0.2922   -0.2069
  bioclip2|derm-crowded-K30-1   0.20    0.1672    0.1399     0.2998   -0.1599
  bioclip2|derm-crowded-K30-1   0.20    0.1286    0.1414     0.2363   -0.0950
  bioclip2|derm-crowded-K30-1   0.20    0.1302    0.1265     0.2391   -0.1126
  bioclip2|derm-crowded-K30-1   0.20    0.0953    0.1572     0.1816   -0.0243
  bioclip2|derm-crowded-K30-1   0.20    0.1399    0.0113     0.2549   -0.2436
  bioclip2|derm-crowded-K30-1   0.20    0.0882    0.0305     0.1700   -0.1395
  bioclip2|derm-crowded-K30-1   0.20    0.0475    0.0212     0.1029   -0.0817
  bioclip2|derm-crowded-K30-1   0.40    0.3291    0.2263     0.5307   -0.3043
  bioclip2|derm-crowded-K30-1   0.40    0.1488    0.0520     0.2343   -0.1823
  bioclip2|derm-crowded-K30-1   0.40    0.1473    0.1031     0.2319   -0.1288
  bioclip2|derm-crowded-K30-1   0.40    0.1625    0.0382     0.2569   -0.2186
  bioclip2|derm-crowded-K30-1   0.40    0.1672    0.0891     0.2645   -0.1754
  bioclip2|derm-crowded-K30-1   0.40    0.1286    0.0785     0.2010   -0.1225
  bioclip2|derm-crowded-K30-1   0.40    0.1302    0.0418     0.2038   -0.1620
  bioclip2|derm-crowded-K30-1   0.40    0.0953    0.1154     0.1462   -0.0308
  bioclip2|derm-crowded-K30-1   0.40    0.1399    0.0096     0.2196   -0.2100
  bioclip2|derm-crowded-K30-1   0.40    0.0882    0.0290     0.1347   -0.1057
  bioclip2|derm-crowded-K30-1   0.40    0.0475    0.0137     0.0676   -0.0539
  bioclip2|derm-crowded-K30-1   0.60    0.3291    0.1028     0.4954   -0.3925
  bioclip2|derm-crowded-K30-1   0.60    0.1488    0.0232     0.1990   -0.1758
  bioclip2|derm-crowded-K30-1   0.60    0.1473    0.0591     0.1965   -0.1375
  bioclip2|derm-crowded-K30-1   0.60    0.1625    0.0070     0.2215   -0.2145
  bioclip2|derm-crowded-K30-1   0.60    0.1672    0.0269     0.2292   -0.2023
  bioclip2|derm-crowded-K30-1   0.60    0.1286    0.0317     0.1657   -0.1340
  bioclip2|derm-crowded-K30-1   0.60    0.1302    0.0145     0.1684   -0.1540
  bioclip2|derm-crowded-K30-1   0.60    0.0953    0.0524     0.1109   -0.0586
  bioclip2|derm-crowded-K30-1   0.60    0.1399    0.0078     0.1843   -0.1765
  bioclip2|derm-crowded-K30-1   0.60    0.0882    0.0212     0.0993   -0.0782
  bioclip2|derm-crowded-K30-1   0.60    0.0475    0.0064     0.0323   -0.0259
  bioclip2|derm-crowded-K30-2   0.05    0.3388    0.5675     0.6085   -0.0411
  bioclip2|derm-crowded-K30-2   0.05    0.1990    0.1630     0.3787   -0.2157
  bioclip2|derm-crowded-K30-2   0.05    0.1890    0.2564     0.3621   -0.1057
  bioclip2|derm-crowded-K30-2   0.05    0.2065    0.1900     0.3909   -0.2010
  bioclip2|derm-crowded-K30-2   0.05    0.2273    0.1626     0.4251   -0.2625
  bioclip2|derm-crowded-K30-2   0.05    0.1664    0.1750     0.3250   -0.1500
  bioclip2|derm-crowded-K30-2   0.05    0.1353    0.1502     0.2738   -0.1237
  bioclip2|derm-crowded-K30-2   0.05    0.1435    0.1260     0.2873   -0.1613
  bioclip2|derm-crowded-K30-2   0.05    0.2000    0.1149     0.3802   -0.2653
  bioclip2|derm-crowded-K30-2   0.05    0.1593    0.1241     0.3134   -0.1893
  bioclip2|derm-crowded-K30-2   0.05    0.0384    0.0669     0.1145   -0.0476
  bioclip2|derm-crowded-K30-2   0.10    0.3388    0.4336     0.5997   -0.1661
  bioclip2|derm-crowded-K30-2   0.10    0.1990    0.1175     0.3699   -0.2523
  bioclip2|derm-crowded-K30-2   0.10    0.1890    0.2179     0.3533   -0.1354
  bioclip2|derm-crowded-K30-2   0.10    0.2065    0.1048     0.3821   -0.2773
  bioclip2|derm-crowded-K30-2   0.10    0.2273    0.1379     0.4163   -0.2784
  bioclip2|derm-crowded-K30-2   0.10    0.1664    0.1673     0.3162   -0.1489
  bioclip2|derm-crowded-K30-2   0.10    0.1353    0.1345     0.2650   -0.1305
  bioclip2|derm-crowded-K30-2   0.10    0.1435    0.1015     0.2785   -0.1770
  bioclip2|derm-crowded-K30-2   0.10    0.2000    0.1098     0.3714   -0.2616
  bioclip2|derm-crowded-K30-2   0.10    0.1593    0.1053     0.3046   -0.1993
  bioclip2|derm-crowded-K30-2   0.10    0.0384    0.0427     0.1057   -0.0630
  bioclip2|derm-crowded-K30-2   0.20    0.3388    0.3392     0.5821   -0.2429
  bioclip2|derm-crowded-K30-2   0.20    0.1990    0.0998     0.3522   -0.2524
  bioclip2|derm-crowded-K30-2   0.20    0.1890    0.2024     0.3356   -0.1333
  bioclip2|derm-crowded-K30-2   0.20    0.2065    0.0461     0.3644   -0.3183
  bioclip2|derm-crowded-K30-2   0.20    0.2273    0.0570     0.3987   -0.3417
  bioclip2|derm-crowded-K30-2   0.20    0.1664    0.0529     0.2985   -0.2456
  bioclip2|derm-crowded-K30-2   0.20    0.1353    0.1230     0.2474   -0.1243
  bioclip2|derm-crowded-K30-2   0.20    0.1435    0.0833     0.2608   -0.1775
  bioclip2|derm-crowded-K30-2   0.20    0.2000    0.0807     0.3537   -0.2730
  bioclip2|derm-crowded-K30-2   0.20    0.1593    0.0538     0.2869   -0.2331
  bioclip2|derm-crowded-K30-2   0.20    0.0384    0.0060     0.0880   -0.0820
  bioclip2|derm-crowded-K30-2   0.40    0.3388    0.1766     0.5467   -0.3702
  bioclip2|derm-crowded-K30-2   0.40    0.1990    0.0797     0.3169   -0.2372
  bioclip2|derm-crowded-K30-2   0.40    0.1890    0.0889     0.3003   -0.2114
  bioclip2|derm-crowded-K30-2   0.40    0.2065    0.0296     0.3291   -0.2995
  bioclip2|derm-crowded-K30-2   0.40    0.2273    0.0270     0.3633   -0.3363
  bioclip2|derm-crowded-K30-2   0.40    0.1664    0.0162     0.2632   -0.2470
  bioclip2|derm-crowded-K30-2   0.40    0.1353    0.1143     0.2120   -0.0978
  bioclip2|derm-crowded-K30-2   0.40    0.1435    0.0374     0.2255   -0.1881
  bioclip2|derm-crowded-K30-2   0.40    0.2000    0.0203     0.3184   -0.2981
  bioclip2|derm-crowded-K30-2   0.40    0.1593    0.0840     0.2516   -0.1676
  bioclip2|derm-crowded-K30-2   0.40    0.0384    0.0031     0.0527   -0.0496
  bioclip2|derm-crowded-K30-2   0.60    0.3388    0.0845     0.5114   -0.4269
  bioclip2|derm-crowded-K30-2   0.60    0.1990    0.0640     0.2816   -0.2175
  bioclip2|derm-crowded-K30-2   0.60    0.1890    0.0783     0.2650   -0.1867
  bioclip2|derm-crowded-K30-2   0.60    0.2065    0.0131     0.2938   -0.2807
  bioclip2|derm-crowded-K30-2   0.60    0.2273    0.0121     0.3280   -0.3160
  bioclip2|derm-crowded-K30-2   0.60    0.1664    0.0044     0.2279   -0.2235
  bioclip2|derm-crowded-K30-2   0.60    0.1353    0.0488     0.1767   -0.1280
  bioclip2|derm-crowded-K30-2   0.60    0.1435    0.0210     0.1902   -0.1692
  bioclip2|derm-crowded-K30-2   0.60    0.2000    0.0031     0.2831   -0.2799
  bioclip2|derm-crowded-K30-2   0.60    0.1593    0.0526     0.2163   -0.1637
  bioclip2|derm-crowded-K30-2   0.60    0.0384    0.0075     0.0174   -0.0099
  bioclip2|derm-crowded-K30-3   0.05    0.2562    0.3578     0.4727   -0.1148
  bioclip2|derm-crowded-K30-3   0.05    0.1442    0.1009     0.2885   -0.1876
  bioclip2|derm-crowded-K30-3   0.05    0.1567    0.2086     0.3090   -0.1004
  bioclip2|derm-crowded-K30-3   0.05    0.1744    0.1269     0.3382   -0.2112
  bioclip2|derm-crowded-K30-3   0.05    0.2110    0.2284     0.3983   -0.1699
  bioclip2|derm-crowded-K30-3   0.05    0.1956    0.2424     0.3731   -0.1307
  bioclip2|derm-crowded-K30-3   0.05    0.1530    0.1826     0.3030   -0.1204
  bioclip2|derm-crowded-K30-3   0.05    0.1575    0.1594     0.3103   -0.1509
  bioclip2|derm-crowded-K30-3   0.05    0.2308    0.2484     0.4308   -0.1824
  bioclip2|derm-crowded-K30-3   0.05    0.1270    0.1024     0.2602   -0.1579
  bioclip2|derm-crowded-K30-3   0.05    0.0847    0.0551     0.1906   -0.1355
  bioclip2|derm-crowded-K30-3   0.10    0.2562    0.2729     0.4638   -0.1910
  bioclip2|derm-crowded-K30-3   0.10    0.1442    0.0995     0.2796   -0.1801
  bioclip2|derm-crowded-K30-3   0.10    0.1567    0.1913     0.3001   -0.1088
  bioclip2|derm-crowded-K30-3   0.10    0.1744    0.0990     0.3293   -0.2303
  bioclip2|derm-crowded-K30-3   0.10    0.2110    0.1922     0.3895   -0.1973
  bioclip2|derm-crowded-K30-3   0.10    0.1956    0.2198     0.3642   -0.1444
  bioclip2|derm-crowded-K30-3   0.10    0.1530    0.1704     0.2941   -0.1238
  bioclip2|derm-crowded-K30-3   0.10    0.1575    0.1402     0.3015   -0.1613
  bioclip2|derm-crowded-K30-3   0.10    0.2308    0.2319     0.4220   -0.1901
  bioclip2|derm-crowded-K30-3   0.10    0.1270    0.1024     0.2514   -0.1491
  bioclip2|derm-crowded-K30-3   0.10    0.0847    0.0533     0.1818   -0.1284
  bioclip2|derm-crowded-K30-3   0.20    0.2562    0.2203     0.4462   -0.2259
  bioclip2|derm-crowded-K30-3   0.20    0.1442    0.0897     0.2620   -0.1723
  bioclip2|derm-crowded-K30-3   0.20    0.1567    0.1633     0.2825   -0.1192
  bioclip2|derm-crowded-K30-3   0.20    0.1744    0.0722     0.3117   -0.2395
  bioclip2|derm-crowded-K30-3   0.20    0.2110    0.1633     0.3718   -0.2086
  bioclip2|derm-crowded-K30-3   0.20    0.1956    0.1791     0.3466   -0.1675
  bioclip2|derm-crowded-K30-3   0.20    0.1530    0.1454     0.2765   -0.1311
  bioclip2|derm-crowded-K30-3   0.20    0.1575    0.0998     0.2838   -0.1840
  bioclip2|derm-crowded-K30-3   0.20    0.2308    0.1882     0.4043   -0.2161
  bioclip2|derm-crowded-K30-3   0.20    0.1270    0.0820     0.2338   -0.1517
  bioclip2|derm-crowded-K30-3   0.20    0.0847    0.0478     0.1641   -0.1163
  bioclip2|derm-crowded-K30-3   0.40    0.2562    0.0883     0.4109   -0.3226
  bioclip2|derm-crowded-K30-3   0.40    0.1442    0.0623     0.2267   -0.1644
  bioclip2|derm-crowded-K30-3   0.40    0.1567    0.1100     0.2472   -0.1372
  bioclip2|derm-crowded-K30-3   0.40    0.1744    0.0562     0.2764   -0.2202
  bioclip2|derm-crowded-K30-3   0.40    0.2110    0.0624     0.3365   -0.2741
  bioclip2|derm-crowded-K30-3   0.40    0.1956    0.1174     0.3113   -0.1939
  bioclip2|derm-crowded-K30-3   0.40    0.1530    0.0973     0.2412   -0.1439
  bioclip2|derm-crowded-K30-3   0.40    0.1575    0.0837     0.2485   -0.1648
  bioclip2|derm-crowded-K30-3   0.40    0.2308    0.0642     0.3690   -0.3048
  bioclip2|derm-crowded-K30-3   0.40    0.1270    0.0335     0.1984   -0.1649
  bioclip2|derm-crowded-K30-3   0.40    0.0847    0.0248     0.1288   -0.1040
  bioclip2|derm-crowded-K30-3   0.60    0.2562    0.0185     0.3756   -0.3571
  bioclip2|derm-crowded-K30-3   0.60    0.1442    0.0278     0.1913   -0.1636
  bioclip2|derm-crowded-K30-3   0.60    0.1567    0.0353     0.2119   -0.1766
  bioclip2|derm-crowded-K30-3   0.60    0.1744    0.0113     0.2410   -0.2297
  bioclip2|derm-crowded-K30-3   0.60    0.2110    0.0138     0.3012   -0.2874
  bioclip2|derm-crowded-K30-3   0.60    0.1956    0.0171     0.2760   -0.2588
  bioclip2|derm-crowded-K30-3   0.60    0.1530    0.0156     0.2058   -0.1903
  bioclip2|derm-crowded-K30-3   0.60    0.1575    0.0159     0.2132   -0.1973
  bioclip2|derm-crowded-K30-3   0.60    0.2308    0.0156     0.3337   -0.3181
  bioclip2|derm-crowded-K30-3   0.60    0.1270    0.0230     0.1631   -0.1401
  bioclip2|derm-crowded-K30-3   0.60    0.0847    0.0104     0.0935   -0.0831
  bioclip2|derm-varied-K20-0   0.05    0.1078    0.0556     0.2287   -0.1731
  bioclip2|derm-varied-K20-0   0.05    0.1872    0.3382     0.3593   -0.0210
  bioclip2|derm-varied-K20-0   0.05    0.1811    0.3031     0.3491   -0.0460
  bioclip2|derm-varied-K20-0   0.05    0.1520    0.2098     0.3013   -0.0915
  bioclip2|derm-varied-K20-0   0.05    0.1585    0.2404     0.3120   -0.0715
  bioclip2|derm-varied-K20-0   0.05    0.1463    0.2764     0.2919   -0.0155
  bioclip2|derm-varied-K20-0   0.05    0.1625    0.2062     0.3186   -0.1124
  bioclip2|derm-varied-K20-0   0.05    0.1178    0.1757     0.2450   -0.0693
  bioclip2|derm-varied-K20-0   0.05    0.1131    0.1172     0.2373   -0.1201
  bioclip2|derm-varied-K20-0   0.05    0.1049    0.0721     0.2238   -0.1517
  bioclip2|derm-varied-K20-0   0.05    0.0225    0.0655     0.0884   -0.0229
  bioclip2|derm-varied-K20-0   0.05    0.0293    0.0849     0.0995   -0.0146
  bioclip2|derm-varied-K20-0   0.10    0.1078    0.0450     0.2198   -0.1748
  bioclip2|derm-varied-K20-0   0.10    0.1872    0.2066     0.3504   -0.1438
  bioclip2|derm-varied-K20-0   0.10    0.1811    0.2647     0.3403   -0.0756
  bioclip2|derm-varied-K20-0   0.10    0.1520    0.2098     0.2925   -0.0827
  bioclip2|derm-varied-K20-0   0.10    0.1585    0.2062     0.3031   -0.0969
  bioclip2|derm-varied-K20-0   0.10    0.1463    0.2735     0.2831   -0.0096
  bioclip2|derm-varied-K20-0   0.10    0.1625    0.1865     0.3098   -0.1233
  bioclip2|derm-varied-K20-0   0.10    0.1178    0.1564     0.2362   -0.0798
  bioclip2|derm-varied-K20-0   0.10    0.1131    0.1010     0.2285   -0.1275
  bioclip2|derm-varied-K20-0   0.10    0.1049    0.0600     0.2150   -0.1550
  bioclip2|derm-varied-K20-0   0.10    0.0225    0.0623     0.0796   -0.0173
  bioclip2|derm-varied-K20-0   0.10    0.0293    0.0553     0.0907   -0.0354
  bioclip2|derm-varied-K20-0   0.20    0.1078    0.0450     0.2022   -0.1572
  bioclip2|derm-varied-K20-0   0.20    0.1872    0.1042     0.3328   -0.2285
  bioclip2|derm-varied-K20-0   0.20    0.1811    0.0989     0.3226   -0.2237
  bioclip2|derm-varied-K20-0   0.20    0.1520    0.1558     0.2748   -0.1190
  bioclip2|derm-varied-K20-0   0.20    0.1585    0.1660     0.2855   -0.1194
  bioclip2|derm-varied-K20-0   0.20    0.1463    0.1297     0.2654   -0.1357
  bioclip2|derm-varied-K20-0   0.20    0.1625    0.1353     0.2921   -0.1568
  bioclip2|derm-varied-K20-0   0.20    0.1178    0.1234     0.2185   -0.0951
  bioclip2|derm-varied-K20-0   0.20    0.1131    0.0762     0.2108   -0.1347
  bioclip2|derm-varied-K20-0   0.20    0.1049    0.0452     0.1974   -0.1521
  bioclip2|derm-varied-K20-0   0.20    0.0225    0.0318     0.0620   -0.0302
  bioclip2|derm-varied-K20-0   0.20    0.0293    0.0315     0.0730   -0.0416
  bioclip2|derm-varied-K20-0   0.40    0.1078    0.0157     0.1669   -0.1512
  bioclip2|derm-varied-K20-0   0.40    0.1872    0.0231     0.2975   -0.2744
  bioclip2|derm-varied-K20-0   0.40    0.1811    0.0471     0.2873   -0.2402
  bioclip2|derm-varied-K20-0   0.40    0.1520    0.0864     0.2395   -0.1531
  bioclip2|derm-varied-K20-0   0.40    0.1585    0.0648     0.2502   -0.1853
  bioclip2|derm-varied-K20-0   0.40    0.1463    0.0671     0.2301   -0.1630
  bioclip2|derm-varied-K20-0   0.40    0.1625    0.0676     0.2568   -0.1892
  bioclip2|derm-varied-K20-0   0.40    0.1178    0.0705     0.1832   -0.1127
  bioclip2|derm-varied-K20-0   0.40    0.1131    0.0408     0.1755   -0.1347
  bioclip2|derm-varied-K20-0   0.40    0.1049    0.0031     0.1620   -0.1589
  bioclip2|derm-varied-K20-0   0.40    0.0225    0.0085     0.0267   -0.0182
  bioclip2|derm-varied-K20-0   0.40    0.0293    0.0063     0.0377   -0.0315
  bioclip2|derm-varied-K20-0   0.60    0.1078    0.0119     0.1316   -0.1196
  bioclip2|derm-varied-K20-0   0.60    0.1872    0.0070     0.2621   -0.2552
  bioclip2|derm-varied-K20-0   0.60    0.1811    0.0111     0.2520   -0.2409
  bioclip2|derm-varied-K20-0   0.60    0.1520    0.0283     0.2042   -0.1759
  bioclip2|derm-varied-K20-0   0.60    0.1585    0.0252     0.2149   -0.1896
  bioclip2|derm-varied-K20-0   0.60    0.1463    0.0213     0.1948   -0.1735
  bioclip2|derm-varied-K20-0   0.60    0.1625    0.0356     0.2215   -0.1859
  bioclip2|derm-varied-K20-0   0.60    0.1178    0.0323     0.1479   -0.1156
  bioclip2|derm-varied-K20-0   0.60    0.1131    0.0141     0.1402   -0.1261
  bioclip2|derm-varied-K20-0   0.60    0.1049    0.0000     0.1267   -0.1267
  bioclip2|derm-varied-K20-0   0.60    0.0225    0.0042    -0.0087   +0.0128
  bioclip2|derm-varied-K20-0   0.60    0.0293    0.0000     0.0024   -0.0024
  bioclip2|derm-varied-K20-1   0.05    0.1297    0.0793     0.2646   -0.1853
  bioclip2|derm-varied-K20-1   0.05    0.2429    0.4863     0.4509   +0.0354
  bioclip2|derm-varied-K20-1   0.05    0.2504    0.4828     0.4631   +0.0197
  bioclip2|derm-varied-K20-1   0.05    0.1756    0.1742     0.3401   -0.1660
  bioclip2|derm-varied-K20-1   0.05    0.1850    0.3610     0.3556   +0.0054
  bioclip2|derm-varied-K20-1   0.05    0.1950    0.3901     0.3721   +0.0181
  bioclip2|derm-varied-K20-1   0.05    0.1416    0.1858     0.2843   -0.0985
  bioclip2|derm-varied-K20-1   0.05    0.1342    0.2254     0.2721   -0.0467
  bioclip2|derm-varied-K20-1   0.05    0.1307    0.1582     0.2664   -0.1082
  bioclip2|derm-varied-K20-1   0.05    0.1036    0.0777     0.2217   -0.1441
  bioclip2|derm-varied-K20-1   0.05    0.1343    0.1388     0.2722   -0.1334
  bioclip2|derm-varied-K20-1   0.05    0.0163    0.0046     0.0782   -0.0736
  bioclip2|derm-varied-K20-1   0.10    0.1297    0.0576     0.2558   -0.1982
  bioclip2|derm-varied-K20-1   0.10    0.2429    0.3566     0.4420   -0.0854
  bioclip2|derm-varied-K20-1   0.10    0.2504    0.3714     0.4543   -0.0828
  bioclip2|derm-varied-K20-1   0.10    0.1756    0.1564     0.3313   -0.1749
  bioclip2|derm-varied-K20-1   0.10    0.1850    0.3209     0.3468   -0.0258
  bioclip2|derm-varied-K20-1   0.10    0.1950    0.3115     0.3632   -0.0517
  bioclip2|derm-varied-K20-1   0.10    0.1416    0.1640     0.2755   -0.1115
  bioclip2|derm-varied-K20-1   0.10    0.1342    0.1851     0.2633   -0.0782
  bioclip2|derm-varied-K20-1   0.10    0.1307    0.1335     0.2575   -0.1240
  bioclip2|derm-varied-K20-1   0.10    0.1036    0.0667     0.2129   -0.1462
  bioclip2|derm-varied-K20-1   0.10    0.1343    0.1073     0.2633   -0.1560
  bioclip2|derm-varied-K20-1   0.10    0.0163    0.0040     0.0693   -0.0653
  bioclip2|derm-varied-K20-1   0.20    0.1297    0.0479     0.2381   -0.1902
  bioclip2|derm-varied-K20-1   0.20    0.2429    0.2068     0.4244   -0.2175
  bioclip2|derm-varied-K20-1   0.20    0.2504    0.2416     0.4366   -0.1950
  bioclip2|derm-varied-K20-1   0.20    0.1756    0.0517     0.3137   -0.2620
  bioclip2|derm-varied-K20-1   0.20    0.1850    0.2678     0.3291   -0.0613
  bioclip2|derm-varied-K20-1   0.20    0.1950    0.2204     0.3456   -0.1252
  bioclip2|derm-varied-K20-1   0.20    0.1416    0.1497     0.2578   -0.1081
  bioclip2|derm-varied-K20-1   0.20    0.1342    0.1188     0.2456   -0.1268
  bioclip2|derm-varied-K20-1   0.20    0.1307    0.0894     0.2399   -0.1505
  bioclip2|derm-varied-K20-1   0.20    0.1036    0.0399     0.1952   -0.1553
  bioclip2|derm-varied-K20-1   0.20    0.1343    0.1073     0.2457   -0.1383
  bioclip2|derm-varied-K20-1   0.20    0.0163    0.0040     0.0517   -0.0477
  bioclip2|derm-varied-K20-1   0.40    0.1297    0.0331     0.2028   -0.1697
  bioclip2|derm-varied-K20-1   0.40    0.2429    0.1086     0.3891   -0.2805
  bioclip2|derm-varied-K20-1   0.40    0.2504    0.1054     0.4013   -0.2959
  bioclip2|derm-varied-K20-1   0.40    0.1756    0.0211     0.2783   -0.2572
  bioclip2|derm-varied-K20-1   0.40    0.1850    0.1165     0.2938   -0.1774
  bioclip2|derm-varied-K20-1   0.40    0.1950    0.1273     0.3103   -0.1830
  bioclip2|derm-varied-K20-1   0.40    0.1416    0.0480     0.2225   -0.1745
  bioclip2|derm-varied-K20-1   0.40    0.1342    0.0685     0.2103   -0.1418
  bioclip2|derm-varied-K20-1   0.40    0.1307    0.0615     0.2046   -0.1430
  bioclip2|derm-varied-K20-1   0.40    0.1036    0.0216     0.1599   -0.1383
  bioclip2|derm-varied-K20-1   0.40    0.1343    0.0219     0.2104   -0.1885
  bioclip2|derm-varied-K20-1   0.40    0.0163    0.0026     0.0164   -0.0138
  bioclip2|derm-varied-K20-1   0.60    0.1297    0.0205     0.1675   -0.1470
  bioclip2|derm-varied-K20-1   0.60    0.2429    0.0777     0.3538   -0.2761
  bioclip2|derm-varied-K20-1   0.60    0.2504    0.0791     0.3660   -0.2869
  bioclip2|derm-varied-K20-1   0.60    0.1756    0.0027     0.2430   -0.2403
  bioclip2|derm-varied-K20-1   0.60    0.1850    0.0526     0.2585   -0.2059
  bioclip2|derm-varied-K20-1   0.60    0.1950    0.1057     0.2750   -0.1693
  bioclip2|derm-varied-K20-1   0.60    0.1416    0.0099     0.1872   -0.1773
  bioclip2|derm-varied-K20-1   0.60    0.1342    0.0208     0.1750   -0.1543
  bioclip2|derm-varied-K20-1   0.60    0.1307    0.0486     0.1693   -0.1207
  bioclip2|derm-varied-K20-1   0.60    0.1036    0.0091     0.1246   -0.1155
  bioclip2|derm-varied-K20-1   0.60    0.1343    0.0018     0.1751   -0.1732
  bioclip2|derm-varied-K20-1   0.60    0.0163    0.0007    -0.0189   +0.0197
  bioclip2|derm-varied-K20-2   0.05    0.1342    0.2603     0.2720   -0.0117
  bioclip2|derm-varied-K20-2   0.05    0.2399    0.5359     0.4458   +0.0900
  bioclip2|derm-varied-K20-2   0.05    0.2095    0.4001     0.3958   +0.0043
  bioclip2|derm-varied-K20-2   0.05    0.2083    0.3608     0.3939   -0.0331
  bioclip2|derm-varied-K20-2   0.05    0.1969    0.3292     0.3751   -0.0459
  bioclip2|derm-varied-K20-2   0.05    0.1718    0.3635     0.3339   +0.0296
  bioclip2|derm-varied-K20-2   0.05    0.1818    0.3613     0.3504   +0.0109
  bioclip2|derm-varied-K20-2   0.05    0.1732    0.2438     0.3361   -0.0924
  bioclip2|derm-varied-K20-2   0.05    0.1643    0.2641     0.3215   -0.0574
  bioclip2|derm-varied-K20-2   0.05    0.1201    0.1689     0.2488   -0.0799
  bioclip2|derm-varied-K20-2   0.05    0.0888    0.0665     0.1974   -0.1308
  bioclip2|derm-varied-K20-2   0.05    0.0719    0.0116     0.1696   -0.1580
  bioclip2|derm-varied-K20-2   0.10    0.1342    0.1919     0.2632   -0.0713
  bioclip2|derm-varied-K20-2   0.10    0.2399    0.3750     0.4370   -0.0621
  bioclip2|derm-varied-K20-2   0.10    0.2095    0.2686     0.3870   -0.1184
  bioclip2|derm-varied-K20-2   0.10    0.2083    0.2946     0.3851   -0.0905
  bioclip2|derm-varied-K20-2   0.10    0.1969    0.2014     0.3663   -0.1649
  bioclip2|derm-varied-K20-2   0.10    0.1718    0.2939     0.3251   -0.0312
  bioclip2|derm-varied-K20-2   0.10    0.1818    0.2150     0.3416   -0.1265
  bioclip2|derm-varied-K20-2   0.10    0.1732    0.1846     0.3273   -0.1427
  bioclip2|derm-varied-K20-2   0.10    0.1643    0.1325     0.3127   -0.1801
  bioclip2|derm-varied-K20-2   0.10    0.1201    0.1112     0.2400   -0.1287
  bioclip2|derm-varied-K20-2   0.10    0.0888    0.0456     0.1885   -0.1429
  bioclip2|derm-varied-K20-2   0.10    0.0719    0.0023     0.1608   -0.1585
  bioclip2|derm-varied-K20-2   0.20    0.1342    0.1276     0.2455   -0.1179
  bioclip2|derm-varied-K20-2   0.20    0.2399    0.3174     0.4193   -0.1019
  bioclip2|derm-varied-K20-2   0.20    0.2095    0.1745     0.3694   -0.1948
  bioclip2|derm-varied-K20-2   0.20    0.2083    0.1470     0.3674   -0.2205
  bioclip2|derm-varied-K20-2   0.20    0.1969    0.1341     0.3486   -0.2145
  bioclip2|derm-varied-K20-2   0.20    0.1718    0.2030     0.3075   -0.1044
  bioclip2|derm-varied-K20-2   0.20    0.1818    0.1453     0.3239   -0.1786
  bioclip2|derm-varied-K20-2   0.20    0.1732    0.1347     0.3096   -0.1750
  bioclip2|derm-varied-K20-2   0.20    0.1643    0.0979     0.2950   -0.1971
  bioclip2|derm-varied-K20-2   0.20    0.1201    0.0715     0.2223   -0.1509
  bioclip2|derm-varied-K20-2   0.20    0.0888    0.0317     0.1709   -0.1392
  bioclip2|derm-varied-K20-2   0.20    0.0719    0.0015     0.1431   -0.1416
  bioclip2|derm-varied-K20-2   0.40    0.1342    0.0699     0.2102   -0.1403
  bioclip2|derm-varied-K20-2   0.40    0.2399    0.1446     0.3840   -0.2394
  bioclip2|derm-varied-K20-2   0.40    0.2095    0.1015     0.3340   -0.2326
  bioclip2|derm-varied-K20-2   0.40    0.2083    0.0568     0.3321   -0.2753
  bioclip2|derm-varied-K20-2   0.40    0.1969    0.0955     0.3133   -0.2178
  bioclip2|derm-varied-K20-2   0.40    0.1718    0.0864     0.2721   -0.1857
  bioclip2|derm-varied-K20-2   0.40    0.1818    0.1021     0.2886   -0.1865
  bioclip2|derm-varied-K20-2   0.40    0.1732    0.0894     0.2743   -0.1850
  bioclip2|derm-varied-K20-2   0.40    0.1643    0.0639     0.2597   -0.1958
  bioclip2|derm-varied-K20-2   0.40    0.1201    0.0575     0.1870   -0.1295
  bioclip2|derm-varied-K20-2   0.40    0.0888    0.0109     0.1356   -0.1247
  bioclip2|derm-varied-K20-2   0.40    0.0719    0.0000     0.1078   -0.1078
  bioclip2|derm-varied-K20-2   0.60    0.1342    0.0328     0.1749   -0.1421
  bioclip2|derm-varied-K20-2   0.60    0.2399    0.1362     0.3487   -0.2126
  bioclip2|derm-varied-K20-2   0.60    0.2095    0.0498     0.2987   -0.2489
  bioclip2|derm-varied-K20-2   0.60    0.2083    0.0305     0.2968   -0.2663
  bioclip2|derm-varied-K20-2   0.60    0.1969    0.0649     0.2780   -0.2131
  bioclip2|derm-varied-K20-2   0.60    0.1718    0.0292     0.2368   -0.2076
  bioclip2|derm-varied-K20-2   0.60    0.1818    0.0351     0.2533   -0.2181
  bioclip2|derm-varied-K20-2   0.60    0.1732    0.0491     0.2390   -0.1899
  bioclip2|derm-varied-K20-2   0.60    0.1643    0.0233     0.2244   -0.2011
  bioclip2|derm-varied-K20-2   0.60    0.1201    0.0037     0.1517   -0.1480
  bioclip2|derm-varied-K20-2   0.60    0.0888    0.0046     0.1003   -0.0957
  bioclip2|derm-varied-K20-2   0.60    0.0719    0.0000     0.0725   -0.0725
  bioclip2|derm-varied-K20-3   0.05    0.1378    0.0992     0.2779   -0.1787
  bioclip2|derm-varied-K20-3   0.05    0.2392    0.3681     0.4448   -0.0767
  bioclip2|derm-varied-K20-3   0.05    0.2592    0.4312     0.4777   -0.0464
  bioclip2|derm-varied-K20-3   0.05    0.2373    0.4133     0.4417   -0.0283
  bioclip2|derm-varied-K20-3   0.05    0.2035    0.3501     0.3859   -0.0359
  bioclip2|derm-varied-K20-3   0.05    0.2192    0.3682     0.4118   -0.0435
  bioclip2|derm-varied-K20-3   0.05    0.1200    0.1243     0.2487   -0.1244
  bioclip2|derm-varied-K20-3   0.05    0.1478    0.1152     0.2943   -0.1791
  bioclip2|derm-varied-K20-3   0.05    0.1695    0.2114     0.3302   -0.1188
  bioclip2|derm-varied-K20-3   0.05    0.0395    0.0197     0.1163   -0.0967
  bioclip2|derm-varied-K20-3   0.05    0.0951    0.0845     0.2078   -0.1233
  bioclip2|derm-varied-K20-3   0.05    0.1239    0.1000     0.2551   -0.1550
  bioclip2|derm-varied-K20-3   0.10    0.1378    0.0766     0.2691   -0.1925
  bioclip2|derm-varied-K20-3   0.10    0.2392    0.3381     0.4360   -0.0978
  bioclip2|derm-varied-K20-3   0.10    0.2592    0.3669     0.4689   -0.1020
  bioclip2|derm-varied-K20-3   0.10    0.2373    0.3566     0.4328   -0.0762
  bioclip2|derm-varied-K20-3   0.10    0.2035    0.2885     0.3771   -0.0886
  bioclip2|derm-varied-K20-3   0.10    0.2192    0.2903     0.4029   -0.1127
  bioclip2|derm-varied-K20-3   0.10    0.1200    0.1243     0.2399   -0.1156
  bioclip2|derm-varied-K20-3   0.10    0.1478    0.0836     0.2855   -0.2020
  bioclip2|derm-varied-K20-3   0.10    0.1695    0.1331     0.3213   -0.1883
  bioclip2|derm-varied-K20-3   0.10    0.0395    0.0197     0.1075   -0.0878
  bioclip2|derm-varied-K20-3   0.10    0.0951    0.0609     0.1990   -0.1381
  bioclip2|derm-varied-K20-3   0.10    0.1239    0.0915     0.2462   -0.1548
  bioclip2|derm-varied-K20-3   0.20    0.1378    0.0483     0.2514   -0.2031
  bioclip2|derm-varied-K20-3   0.20    0.2392    0.2171     0.4183   -0.2012
  bioclip2|derm-varied-K20-3   0.20    0.2592    0.2903     0.4512   -0.1609
  bioclip2|derm-varied-K20-3   0.20    0.2373    0.2608     0.4152   -0.1544
  bioclip2|derm-varied-K20-3   0.20    0.2035    0.1317     0.3595   -0.2278
  bioclip2|derm-varied-K20-3   0.20    0.2192    0.2375     0.3853   -0.1478
  bioclip2|derm-varied-K20-3   0.20    0.1200    0.0853     0.2222   -0.1369
  bioclip2|derm-varied-K20-3   0.20    0.1478    0.0973     0.2679   -0.1705
  bioclip2|derm-varied-K20-3   0.20    0.1695    0.1046     0.3037   -0.1991
  bioclip2|derm-varied-K20-3   0.20    0.0395    0.0188     0.0898   -0.0710
  bioclip2|derm-varied-K20-3   0.20    0.0951    0.0545     0.1813   -0.1268
  bioclip2|derm-varied-K20-3   0.20    0.1239    0.0412     0.2286   -0.1874
  bioclip2|derm-varied-K20-3   0.40    0.1378    0.0380     0.2161   -0.1781
  bioclip2|derm-varied-K20-3   0.40    0.2392    0.1491     0.3830   -0.2339
  bioclip2|derm-varied-K20-3   0.40    0.2592    0.1538     0.4159   -0.2621
  bioclip2|derm-varied-K20-3   0.40    0.2373    0.1268     0.3799   -0.2530
  bioclip2|derm-varied-K20-3   0.40    0.2035    0.0430     0.3241   -0.2811
  bioclip2|derm-varied-K20-3   0.40    0.2192    0.1502     0.3500   -0.1998
  bioclip2|derm-varied-K20-3   0.40    0.1200    0.0172     0.1869   -0.1697
  bioclip2|derm-varied-K20-3   0.40    0.1478    0.0411     0.2325   -0.1915
  bioclip2|derm-varied-K20-3   0.40    0.1695    0.0693     0.2684   -0.1991
  bioclip2|derm-varied-K20-3   0.40    0.0395    0.0075     0.0545   -0.0470
  bioclip2|derm-varied-K20-3   0.40    0.0951    0.0275     0.1460   -0.1185
  bioclip2|derm-varied-K20-3   0.40    0.1239    0.0182     0.1933   -0.1751
  bioclip2|derm-varied-K20-3   0.60    0.1378    0.0020     0.1808   -0.1788
  bioclip2|derm-varied-K20-3   0.60    0.2392    0.0742     0.3477   -0.2735
  bioclip2|derm-varied-K20-3   0.60    0.2592    0.0303     0.3806   -0.3502
  bioclip2|derm-varied-K20-3   0.60    0.2373    0.0869     0.3446   -0.2577
  bioclip2|derm-varied-K20-3   0.60    0.2035    0.0372     0.2888   -0.2516
  bioclip2|derm-varied-K20-3   0.60    0.2192    0.0384     0.3147   -0.2762
  bioclip2|derm-varied-K20-3   0.60    0.1200    0.0000     0.1516   -0.1516
  bioclip2|derm-varied-K20-3   0.60    0.1478    0.0172     0.1972   -0.1800
  bioclip2|derm-varied-K20-3   0.60    0.1695    0.0220     0.2331   -0.2111
  bioclip2|derm-varied-K20-3   0.60    0.0395    0.0000     0.0192   -0.0192
  bioclip2|derm-varied-K20-3   0.60    0.0951    0.0046     0.1107   -0.1061
  bioclip2|derm-varied-K20-3   0.60    0.1239    0.0054     0.1579   -0.1526
  bioclip2|derm-varied-K30-0   0.05    0.0951    0.0848     0.2077   -0.1229
  bioclip2|derm-varied-K30-0   0.05    0.2451    0.5044     0.4544   +0.0500
  bioclip2|derm-varied-K30-0   0.05    0.1640    0.1181     0.3211   -0.2030
  bioclip2|derm-varied-K30-0   0.05    0.1865    0.3257     0.3581   -0.0324
  bioclip2|derm-varied-K30-0   0.05    0.1608    0.3119     0.3158   -0.0039
  bioclip2|derm-varied-K30-0   0.05    0.1258    0.2022     0.2582   -0.0560
  bioclip2|derm-varied-K30-0   0.05    0.1656    0.3682     0.3237   +0.0445
  bioclip2|derm-varied-K30-0   0.05    0.0904    0.1205     0.1999   -0.0795
  bioclip2|derm-varied-K30-0   0.05    0.0994    0.1490     0.2148   -0.0658
  bioclip2|derm-varied-K30-0   0.05    0.2216    0.3240     0.4157   -0.0918
  bioclip2|derm-varied-K30-0   0.05    0.0400    0.0420     0.1172   -0.0752
  bioclip2|derm-varied-K30-0   0.05    0.0330    0.0054     0.1057   -0.1002
  bioclip2|derm-varied-K30-0   0.10    0.0951    0.0500     0.1989   -0.1488
  bioclip2|derm-varied-K30-0   0.10    0.2451    0.4429     0.4456   -0.0027
  bioclip2|derm-varied-K30-0   0.10    0.1640    0.0720     0.3123   -0.2403
  bioclip2|derm-varied-K30-0   0.10    0.1865    0.2098     0.3493   -0.1395
  bioclip2|derm-varied-K30-0   0.10    0.1608    0.1971     0.3070   -0.1098
  bioclip2|derm-varied-K30-0   0.10    0.1258    0.1219     0.2494   -0.1275
  bioclip2|derm-varied-K30-0   0.10    0.1656    0.2985     0.3148   -0.0163
  bioclip2|derm-varied-K30-0   0.10    0.0904    0.1062     0.1911   -0.0849
  bioclip2|derm-varied-K30-0   0.10    0.0994    0.1147     0.2060   -0.0913
  bioclip2|derm-varied-K30-0   0.10    0.2216    0.2100     0.4069   -0.1968
  bioclip2|derm-varied-K30-0   0.10    0.0400    0.0420     0.1084   -0.0663
  bioclip2|derm-varied-K30-0   0.10    0.0330    0.0039     0.0968   -0.0929
  bioclip2|derm-varied-K30-0   0.20    0.0951    0.0192     0.1812   -0.1621
  bioclip2|derm-varied-K30-0   0.20    0.2451    0.2128     0.4279   -0.2151
  bioclip2|derm-varied-K30-0   0.20    0.1640    0.0584     0.2946   -0.2362
  bioclip2|derm-varied-K30-0   0.20    0.1865    0.1437     0.3316   -0.1879
  bioclip2|derm-varied-K30-0   0.20    0.1608    0.1327     0.2893   -0.1566
  bioclip2|derm-varied-K30-0   0.20    0.1258    0.1069     0.2317   -0.1248
  bioclip2|derm-varied-K30-0   0.20    0.1656    0.2020     0.2972   -0.0951
  bioclip2|derm-varied-K30-0   0.20    0.0904    0.0598     0.1735   -0.1137
  bioclip2|derm-varied-K30-0   0.20    0.0994    0.0732     0.1883   -0.1151
  bioclip2|derm-varied-K30-0   0.20    0.2216    0.1330     0.3892   -0.2563
  bioclip2|derm-varied-K30-0   0.20    0.0400    0.0210     0.0907   -0.0697
  bioclip2|derm-varied-K30-0   0.20    0.0330    0.0013     0.0792   -0.0778
  bioclip2|derm-varied-K30-0   0.40    0.0951    0.0146     0.1459   -0.1314
  bioclip2|derm-varied-K30-0   0.40    0.2451    0.1686     0.3926   -0.2240
  bioclip2|derm-varied-K30-0   0.40    0.1640    0.0088     0.2593   -0.2505
  bioclip2|derm-varied-K30-0   0.40    0.1865    0.0866     0.2963   -0.2097
  bioclip2|derm-varied-K30-0   0.40    0.1608    0.0552     0.2540   -0.1988
  bioclip2|derm-varied-K30-0   0.40    0.1258    0.0336     0.1964   -0.1628
  bioclip2|derm-varied-K30-0   0.40    0.1656    0.0846     0.2619   -0.1773
  bioclip2|derm-varied-K30-0   0.40    0.0904    0.0312     0.1382   -0.1070
  bioclip2|derm-varied-K30-0   0.40    0.0994    0.0424     0.1530   -0.1106
  bioclip2|derm-varied-K30-0   0.40    0.2216    0.0606     0.3539   -0.2933
  bioclip2|derm-varied-K30-0   0.40    0.0400    0.0033     0.0554   -0.0520
  bioclip2|derm-varied-K30-0   0.40    0.0330    0.0049     0.0439   -0.0390
  bioclip2|derm-varied-K30-0   0.60    0.0951    0.0120     0.1106   -0.0986
  bioclip2|derm-varied-K30-0   0.60    0.2451    0.0533     0.3573   -0.3040
  bioclip2|derm-varied-K30-0   0.60    0.1640    0.0023     0.2240   -0.2217
  bioclip2|derm-varied-K30-0   0.60    0.1865    0.0545     0.2610   -0.2065
  bioclip2|derm-varied-K30-0   0.60    0.1608    0.0362     0.2187   -0.1824
  bioclip2|derm-varied-K30-0   0.60    0.1258    0.0184     0.1611   -0.1427
  bioclip2|derm-varied-K30-0   0.60    0.1656    0.0793     0.2265   -0.1472
  bioclip2|derm-varied-K30-0   0.60    0.0904    0.0249     0.1028   -0.0779
  bioclip2|derm-varied-K30-0   0.60    0.0994    0.0218     0.1177   -0.0959
  bioclip2|derm-varied-K30-0   0.60    0.2216    0.0380     0.3186   -0.2806
  bioclip2|derm-varied-K30-0   0.60    0.0400    0.0010     0.0201   -0.0191
  bioclip2|derm-varied-K30-0   0.60    0.0330    0.0049     0.0085   -0.0037
  bioclip2|derm-varied-K30-1   0.05    0.0474    0.0584     0.1293   -0.0709
  bioclip2|derm-varied-K30-1   0.05    0.1708    0.2399     0.3322   -0.0923
  bioclip2|derm-varied-K30-1   0.05    0.1477    0.2284     0.2942   -0.0659
  bioclip2|derm-varied-K30-1   0.05    0.1548    0.2937     0.3059   -0.0122
  bioclip2|derm-varied-K30-1   0.05    0.1280    0.1723     0.2619   -0.0896
  bioclip2|derm-varied-K30-1   0.05    0.1241    0.2400     0.2555   -0.0155
  bioclip2|derm-varied-K30-1   0.05    0.1354    0.2649     0.2740   -0.0091
  bioclip2|derm-varied-K30-1   0.05    0.0546    0.0673     0.1412   -0.0739
  bioclip2|derm-varied-K30-1   0.05    0.1114    0.1775     0.2346   -0.0570
  bioclip2|derm-varied-K30-1   0.05    0.1062    0.0769     0.2260   -0.1491
  bioclip2|derm-varied-K30-1   0.05    0.0570    0.0366     0.1451   -0.1085
  bioclip2|derm-varied-K30-1   0.05    0.0467    0.0570     0.1281   -0.0711
  bioclip2|derm-varied-K30-1   0.10    0.0474    0.0384     0.1205   -0.0821
  bioclip2|derm-varied-K30-1   0.10    0.1708    0.1091     0.3234   -0.2143
  bioclip2|derm-varied-K30-1   0.10    0.1477    0.0922     0.2854   -0.1932
  bioclip2|derm-varied-K30-1   0.10    0.1548    0.1770     0.2971   -0.1201
  bioclip2|derm-varied-K30-1   0.10    0.1280    0.1295     0.2531   -0.1236
  bioclip2|derm-varied-K30-1   0.10    0.1241    0.1753     0.2467   -0.0714
  bioclip2|derm-varied-K30-1   0.10    0.1354    0.1941     0.2652   -0.0711
  bioclip2|derm-varied-K30-1   0.10    0.0546    0.0569     0.1323   -0.0755
  bioclip2|derm-varied-K30-1   0.10    0.1114    0.1176     0.2257   -0.1082
  bioclip2|derm-varied-K30-1   0.10    0.1062    0.0623     0.2172   -0.1549
  bioclip2|derm-varied-K30-1   0.10    0.0570    0.0081     0.1363   -0.1282
  bioclip2|derm-varied-K30-1   0.10    0.0467    0.0300     0.1193   -0.0893
  bioclip2|derm-varied-K30-1   0.20    0.0474    0.0190     0.1029   -0.0839
  bioclip2|derm-varied-K30-1   0.20    0.1708    0.0410     0.3057   -0.2648
  bioclip2|derm-varied-K30-1   0.20    0.1477    0.0578     0.2677   -0.2099
  bioclip2|derm-varied-K30-1   0.20    0.1548    0.1205     0.2794   -0.1589
  bioclip2|derm-varied-K30-1   0.20    0.1280    0.0250     0.2354   -0.2104
  bioclip2|derm-varied-K30-1   0.20    0.1241    0.0604     0.2290   -0.1686
  bioclip2|derm-varied-K30-1   0.20    0.1354    0.1265     0.2475   -0.1211
  bioclip2|derm-varied-K30-1   0.20    0.0546    0.0486     0.1147   -0.0661
  bioclip2|derm-varied-K30-1   0.20    0.1114    0.0789     0.2081   -0.1292
  bioclip2|derm-varied-K30-1   0.20    0.1062    0.0322     0.1995   -0.1674
  bioclip2|derm-varied-K30-1   0.20    0.0570    0.0026     0.1186   -0.1160
  bioclip2|derm-varied-K30-1   0.20    0.0467    0.0368     0.1017   -0.0649
  bioclip2|derm-varied-K30-1   0.40    0.0474    0.0037     0.0675   -0.0638
  bioclip2|derm-varied-K30-1   0.40    0.1708    0.0370     0.2704   -0.2334
  bioclip2|derm-varied-K30-1   0.40    0.1477    0.0181     0.2324   -0.2143
  bioclip2|derm-varied-K30-1   0.40    0.1548    0.0495     0.2441   -0.1946
  bioclip2|derm-varied-K30-1   0.40    0.1280    0.0070     0.2001   -0.1930
  bioclip2|derm-varied-K30-1   0.40    0.1241    0.0387     0.1937   -0.1550
  bioclip2|derm-varied-K30-1   0.40    0.1354    0.0386     0.2122   -0.1736
  bioclip2|derm-varied-K30-1   0.40    0.0546    0.0172     0.0794   -0.0622
  bioclip2|derm-varied-K30-1   0.40    0.1114    0.0404     0.1728   -0.1324
  bioclip2|derm-varied-K30-1   0.40    0.1062    0.0060     0.1642   -0.1582
  bioclip2|derm-varied-K30-1   0.40    0.0570    0.0000     0.0833   -0.0833
  bioclip2|derm-varied-K30-1   0.40    0.0467    0.0228     0.0663   -0.0435
  bioclip2|derm-varied-K30-1   0.60    0.0474    0.0020     0.0322   -0.0302
  bioclip2|derm-varied-K30-1   0.60    0.1708    0.0120     0.2351   -0.2231
  bioclip2|derm-varied-K30-1   0.60    0.1477    0.0051     0.1971   -0.1920
  bioclip2|derm-varied-K30-1   0.60    0.1548    0.0423     0.2088   -0.1665
  bioclip2|derm-varied-K30-1   0.60    0.1280    0.0062     0.1648   -0.1586
  bioclip2|derm-varied-K30-1   0.60    0.1241    0.0409     0.1584   -0.1175
  bioclip2|derm-varied-K30-1   0.60    0.1354    0.0333     0.1769   -0.1436
  bioclip2|derm-varied-K30-1   0.60    0.0546    0.0153     0.0441   -0.0288
  bioclip2|derm-varied-K30-1   0.60    0.1114    0.0392     0.1375   -0.0983
  bioclip2|derm-varied-K30-1   0.60    0.1062    0.0034     0.1289   -0.1255
  bioclip2|derm-varied-K30-1   0.60    0.0570    0.0000     0.0480   -0.0480
  bioclip2|derm-varied-K30-1   0.60    0.0467    0.0094     0.0310   -0.0216
  bioclip2|derm-varied-K30-2   0.05    0.1079    0.1326     0.2288   -0.0962
  bioclip2|derm-varied-K30-2   0.05    0.2348    0.4140     0.4375   -0.0235
  bioclip2|derm-varied-K30-2   0.05    0.1889    0.2416     0.3620   -0.1204
  bioclip2|derm-varied-K30-2   0.05    0.1601    0.1737     0.3146   -0.1408
  bioclip2|derm-varied-K30-2   0.05    0.1688    0.2467     0.3290   -0.0823
  bioclip2|derm-varied-K30-2   0.05    0.0969    0.0964     0.2108   -0.1143
  bioclip2|derm-varied-K30-2   0.05    0.1774    0.2481     0.3431   -0.0950
  bioclip2|derm-varied-K30-2   0.05    0.1440    0.2202     0.2881   -0.0679
  bioclip2|derm-varied-K30-2   0.05    0.0993    0.1283     0.2147   -0.0864
  bioclip2|derm-varied-K30-2   0.05    0.0883    0.0384     0.1966   -0.1582
  bioclip2|derm-varied-K30-2   0.05    0.0670    0.0252     0.1615   -0.1363
  bioclip2|derm-varied-K30-2   0.05    0.1345    0.2166     0.2725   -0.0559
  bioclip2|derm-varied-K30-2   0.10    0.1079    0.0878     0.2200   -0.1322
  bioclip2|derm-varied-K30-2   0.10    0.2348    0.3187     0.4287   -0.1101
  bioclip2|derm-varied-K30-2   0.10    0.1889    0.1522     0.3532   -0.2010
  bioclip2|derm-varied-K30-2   0.10    0.1601    0.1215     0.3058   -0.1843
  bioclip2|derm-varied-K30-2   0.10    0.1688    0.1734     0.3202   -0.1468
  bioclip2|derm-varied-K30-2   0.10    0.0969    0.0752     0.2019   -0.1268
  bioclip2|derm-varied-K30-2   0.10    0.1774    0.1783     0.3342   -0.1559
  bioclip2|derm-varied-K30-2   0.10    0.1440    0.1890     0.2793   -0.0903
  bioclip2|derm-varied-K30-2   0.10    0.0993    0.0768     0.2059   -0.1291
  bioclip2|derm-varied-K30-2   0.10    0.0883    0.0151     0.1877   -0.1727
  bioclip2|derm-varied-K30-2   0.10    0.0670    0.0390     0.1526   -0.1136
  bioclip2|derm-varied-K30-2   0.10    0.1345    0.1860     0.2637   -0.0777
  bioclip2|derm-varied-K30-2   0.20    0.1079    0.0914     0.2023   -0.1109
  bioclip2|derm-varied-K30-2   0.20    0.2348    0.1716     0.4111   -0.2394
  bioclip2|derm-varied-K30-2   0.20    0.1889    0.1062     0.3355   -0.2293
  bioclip2|derm-varied-K30-2   0.20    0.1601    0.1150     0.2881   -0.1731
  bioclip2|derm-varied-K30-2   0.20    0.1688    0.1309     0.3025   -0.1716
  bioclip2|derm-varied-K30-2   0.20    0.0969    0.0411     0.1843   -0.1432
  bioclip2|derm-varied-K30-2   0.20    0.1774    0.0647     0.3166   -0.2519
  bioclip2|derm-varied-K30-2   0.20    0.1440    0.0961     0.2616   -0.1655
  bioclip2|derm-varied-K30-2   0.20    0.0993    0.0542     0.1882   -0.1340
  bioclip2|derm-varied-K30-2   0.20    0.0883    0.0132     0.1701   -0.1568
  bioclip2|derm-varied-K30-2   0.20    0.0670    0.0243     0.1350   -0.1107
  bioclip2|derm-varied-K30-2   0.20    0.1345    0.1696     0.2460   -0.0765
  bioclip2|derm-varied-K30-2   0.40    0.1079    0.0363     0.1670   -0.1307
  bioclip2|derm-varied-K30-2   0.40    0.2348    0.1162     0.3757   -0.2596
  bioclip2|derm-varied-K30-2   0.40    0.1889    0.0262     0.3002   -0.2740
  bioclip2|derm-varied-K30-2   0.40    0.1601    0.0739     0.2528   -0.1789
  bioclip2|derm-varied-K30-2   0.40    0.1688    0.0351     0.2672   -0.2322
  bioclip2|derm-varied-K30-2   0.40    0.0969    0.0396     0.1490   -0.1093
  bioclip2|derm-varied-K30-2   0.40    0.1774    0.0221     0.2813   -0.2592
  bioclip2|derm-varied-K30-2   0.40    0.1440    0.0627     0.2263   -0.1636
  bioclip2|derm-varied-K30-2   0.40    0.0993    0.0378     0.1529   -0.1151
  bioclip2|derm-varied-K30-2   0.40    0.0883    0.0088     0.1348   -0.1260
  bioclip2|derm-varied-K30-2   0.40    0.0670    0.0182     0.0997   -0.0814
  bioclip2|derm-varied-K30-2   0.40    0.1345    0.0775     0.2107   -0.1333
  bioclip2|derm-varied-K30-2   0.60    0.1079    0.0363     0.1317   -0.0954
  bioclip2|derm-varied-K30-2   0.60    0.2348    0.0433     0.3404   -0.2971
  bioclip2|derm-varied-K30-2   0.60    0.1889    0.0050     0.2649   -0.2598
  bioclip2|derm-varied-K30-2   0.60    0.1601    0.0128     0.2175   -0.2047
  bioclip2|derm-varied-K30-2   0.60    0.1688    0.0246     0.2319   -0.2073
  bioclip2|derm-varied-K30-2   0.60    0.0969    0.0396     0.1137   -0.0740
  bioclip2|derm-varied-K30-2   0.60    0.1774    0.0187     0.2460   -0.2272
  bioclip2|derm-varied-K30-2   0.60    0.1440    0.0304     0.1910   -0.1606
  bioclip2|derm-varied-K30-2   0.60    0.0993    0.0309     0.1176   -0.0867
  bioclip2|derm-varied-K30-2   0.60    0.0883    0.0040     0.0995   -0.0954
  bioclip2|derm-varied-K30-2   0.60    0.0670    0.0182     0.0644   -0.0461
  bioclip2|derm-varied-K30-2   0.60    0.1345    0.0614     0.1754   -0.1140
  bioclip2|derm-varied-K30-3   0.05    0.0631    0.0596     0.1552   -0.0956
  bioclip2|derm-varied-K30-3   0.05    0.2319    0.3681     0.4328   -0.0647
  bioclip2|derm-varied-K30-3   0.05    0.1872    0.3573     0.3592   -0.0019
  bioclip2|derm-varied-K30-3   0.05    0.1907    0.3220     0.3649   -0.0428
  bioclip2|derm-varied-K30-3   0.05    0.2002    0.3255     0.3805   -0.0550
  bioclip2|derm-varied-K30-3   0.05    0.1805    0.2102     0.3481   -0.1379
  bioclip2|derm-varied-K30-3   0.05    0.1501    0.2604     0.2983   -0.0379
  bioclip2|derm-varied-K30-3   0.05    0.1390    0.2409     0.2800   -0.0391
  bioclip2|derm-varied-K30-3   0.05    0.1222    0.1346     0.2523   -0.1177
  bioclip2|derm-varied-K30-3   0.05    0.1959    0.2687     0.3735   -0.1048
  bioclip2|derm-varied-K30-3   0.05    0.0362    0.0353     0.1109   -0.0757
  bioclip2|derm-varied-K30-3   0.05    0.0656    0.0244     0.1592   -0.1348
  bioclip2|derm-varied-K30-3   0.10    0.0631    0.0529     0.1463   -0.0934
  bioclip2|derm-varied-K30-3   0.10    0.2319    0.3441     0.4240   -0.0799
  bioclip2|derm-varied-K30-3   0.10    0.1872    0.3344     0.3504   -0.0160
  bioclip2|derm-varied-K30-3   0.10    0.1907    0.3081     0.3561   -0.0480
  bioclip2|derm-varied-K30-3   0.10    0.2002    0.3123     0.3717   -0.0594
  bioclip2|derm-varied-K30-3   0.10    0.1805    0.1510     0.3393   -0.1882
  bioclip2|derm-varied-K30-3   0.10    0.1501    0.1672     0.2895   -0.1223
  bioclip2|derm-varied-K30-3   0.10    0.1390    0.1841     0.2712   -0.0871
  bioclip2|derm-varied-K30-3   0.10    0.1222    0.1165     0.2434   -0.1269
  bioclip2|derm-varied-K30-3   0.10    0.1959    0.1767     0.3647   -0.1880
  bioclip2|derm-varied-K30-3   0.10    0.0362    0.0256     0.1021   -0.0765
  bioclip2|derm-varied-K30-3   0.10    0.0656    0.0214     0.1503   -0.1289
  bioclip2|derm-varied-K30-3   0.20    0.0631    0.0309     0.1287   -0.0977
  bioclip2|derm-varied-K30-3   0.20    0.2319    0.1972     0.4063   -0.2091
  bioclip2|derm-varied-K30-3   0.20    0.1872    0.2007     0.3328   -0.1321
  bioclip2|derm-varied-K30-3   0.20    0.1907    0.2075     0.3384   -0.1309
  bioclip2|derm-varied-K30-3   0.20    0.2002    0.2545     0.3540   -0.0995
  bioclip2|derm-varied-K30-3   0.20    0.1805    0.1046     0.3216   -0.2170
  bioclip2|derm-varied-K30-3   0.20    0.1501    0.1337     0.2718   -0.1381
  bioclip2|derm-varied-K30-3   0.20    0.1390    0.1208     0.2535   -0.1327
  bioclip2|derm-varied-K30-3   0.20    0.1222    0.0965     0.2258   -0.1293
  bioclip2|derm-varied-K30-3   0.20    0.1959    0.1272     0.3470   -0.2199
  bioclip2|derm-varied-K30-3   0.20    0.0362    0.0178     0.0844   -0.0666
  bioclip2|derm-varied-K30-3   0.20    0.0656    0.0138     0.1327   -0.1189
  bioclip2|derm-varied-K30-3   0.40    0.0631    0.0270     0.0934   -0.0664
  bioclip2|derm-varied-K30-3   0.40    0.2319    0.0645     0.3710   -0.3065
  bioclip2|derm-varied-K30-3   0.40    0.1872    0.0972     0.2974   -0.2002
  bioclip2|derm-varied-K30-3   0.40    0.1907    0.0836     0.3031   -0.2195
  bioclip2|derm-varied-K30-3   0.40    0.2002    0.0797     0.3187   -0.2390
  bioclip2|derm-varied-K30-3   0.40    0.1805    0.0727     0.2863   -0.2136
  bioclip2|derm-varied-K30-3   0.40    0.1501    0.0715     0.2365   -0.1650
  bioclip2|derm-varied-K30-3   0.40    0.1390    0.1117     0.2182   -0.1065
  bioclip2|derm-varied-K30-3   0.40    0.1222    0.0338     0.1905   -0.1567
  bioclip2|derm-varied-K30-3   0.40    0.1959    0.0283     0.3117   -0.2834
  bioclip2|derm-varied-K30-3   0.40    0.0362    0.0076     0.0491   -0.0415
  bioclip2|derm-varied-K30-3   0.40    0.0656    0.0074     0.0974   -0.0899
  bioclip2|derm-varied-K30-3   0.60    0.0631    0.0261     0.0581   -0.0320
  bioclip2|derm-varied-K30-3   0.60    0.2319    0.0631     0.3357   -0.2726
  bioclip2|derm-varied-K30-3   0.60    0.1872    0.0686     0.2621   -0.1935
  bioclip2|derm-varied-K30-3   0.60    0.1907    0.0674     0.2678   -0.2004
  bioclip2|derm-varied-K30-3   0.60    0.2002    0.0640     0.2834   -0.2193
  bioclip2|derm-varied-K30-3   0.60    0.1805    0.0258     0.2510   -0.2252
  bioclip2|derm-varied-K30-3   0.60    0.1501    0.0663     0.2012   -0.1349
  bioclip2|derm-varied-K30-3   0.60    0.1390    0.0627     0.1829   -0.1202
  bioclip2|derm-varied-K30-3   0.60    0.1222    0.0271     0.1552   -0.1280
  bioclip2|derm-varied-K30-3   0.60    0.1959    0.0151     0.2764   -0.2613
  bioclip2|derm-varied-K30-3   0.60    0.0362    0.0069     0.0138   -0.0070
  bioclip2|derm-varied-K30-3   0.60    0.0656    0.0040     0.0621   -0.0580
  derm-crowded       0.05    0.1278    0.1171     0.2616   -0.1444
  derm-crowded       0.10    0.1278    0.0727     0.2527   -0.1800
  derm-crowded       0.20    0.1278    0.0407     0.2351   -0.1944
  derm-crowded       0.40    0.1278    0.0050     0.1998   -0.1948
  derm-crowded       0.60    0.1278    0.0125     0.1644   -0.1519
  derm-varied        0.05    0.0000    0.0000     0.0514   -0.0514
  derm-varied        0.10    0.0000    0.0000     0.0425   -0.0425
  derm-varied        0.20    0.0000    0.0000     0.0249   -0.0249
  derm-varied        0.40    0.0000    0.0000    -0.0104   +0.0104
  derm-varied        0.60    0.0000    0.0000    -0.0457   +0.0457
  dinov2|derm-crowded-K20-0   0.05    0.2443    0.4982     0.4531   +0.0452
  dinov2|derm-crowded-K20-0   0.05    0.2245    0.4749     0.4205   +0.0543
  dinov2|derm-crowded-K20-0   0.05    0.1456    0.1818     0.2908   -0.1090
  dinov2|derm-crowded-K20-0   0.05    0.1167    0.1614     0.2433   -0.0820
  dinov2|derm-crowded-K20-0   0.05    0.1165    0.2226     0.2429   -0.0203
  dinov2|derm-crowded-K20-0   0.05    0.1148    0.1550     0.2402   -0.0852
  dinov2|derm-crowded-K20-0   0.05    0.0652    0.0603     0.1587   -0.0983
  dinov2|derm-crowded-K20-0   0.05    0.0700    0.0710     0.1665   -0.0955
  dinov2|derm-crowded-K20-0   0.05    0.1765    0.3529     0.3416   +0.0113
  dinov2|derm-crowded-K20-0   0.05    0.0725    0.0548     0.1705   -0.1157
  dinov2|derm-crowded-K20-0   0.05    0.0126    0.0654     0.0721   -0.0067
  dinov2|derm-crowded-K20-0   0.10    0.2443    0.4674     0.4443   +0.0232
  dinov2|derm-crowded-K20-0   0.10    0.2245    0.4357     0.4117   +0.0240
  dinov2|derm-crowded-K20-0   0.10    0.1456    0.1683     0.2820   -0.1136
  dinov2|derm-crowded-K20-0   0.10    0.1167    0.1542     0.2345   -0.0804
  dinov2|derm-crowded-K20-0   0.10    0.1165    0.1950     0.2340   -0.0390
  dinov2|derm-crowded-K20-0   0.10    0.1148    0.1526     0.2313   -0.0787
  dinov2|derm-crowded-K20-0   0.10    0.0652    0.0171     0.1498   -0.1327
  dinov2|derm-crowded-K20-0   0.10    0.0700    0.0305     0.1576   -0.1271
  dinov2|derm-crowded-K20-0   0.10    0.1765    0.3040     0.3327   -0.0288
  dinov2|derm-crowded-K20-0   0.10    0.0725    0.0458     0.1617   -0.1159
  dinov2|derm-crowded-K20-0   0.10    0.0126    0.0330     0.0633   -0.0303
  dinov2|derm-crowded-K20-0   0.20    0.2443    0.3411     0.4266   -0.0855
  dinov2|derm-crowded-K20-0   0.20    0.2245    0.3654     0.3940   -0.0287
  dinov2|derm-crowded-K20-0   0.20    0.1456    0.1549     0.2643   -0.1094
  dinov2|derm-crowded-K20-0   0.20    0.1167    0.1158     0.2169   -0.1010
  dinov2|derm-crowded-K20-0   0.20    0.1165    0.1126     0.2164   -0.1038
  dinov2|derm-crowded-K20-0   0.20    0.1148    0.1173     0.2137   -0.0963
  dinov2|derm-crowded-K20-0   0.20    0.0652    0.0171     0.1322   -0.1150
  dinov2|derm-crowded-K20-0   0.20    0.0700    0.0133     0.1400   -0.1267
  dinov2|derm-crowded-K20-0   0.20    0.1765    0.2133     0.3151   -0.1018
  dinov2|derm-crowded-K20-0   0.20    0.0725    0.0355     0.1441   -0.1086
  dinov2|derm-crowded-K20-0   0.20    0.0126    0.0412     0.0456   -0.0044
  dinov2|derm-crowded-K20-0   0.40    0.2443    0.1440     0.3913   -0.2473
  dinov2|derm-crowded-K20-0   0.40    0.2245    0.1229     0.3587   -0.2358
  dinov2|derm-crowded-K20-0   0.40    0.1456    0.1353     0.2290   -0.0937
  dinov2|derm-crowded-K20-0   0.40    0.1167    0.0392     0.1816   -0.1423
  dinov2|derm-crowded-K20-0   0.40    0.1165    0.0634     0.1811   -0.1177
  dinov2|derm-crowded-K20-0   0.40    0.1148    0.0972     0.1784   -0.0812
  dinov2|derm-crowded-K20-0   0.40    0.0652    0.0376     0.0969   -0.0593
  dinov2|derm-crowded-K20-0   0.40    0.0700    0.0239     0.1047   -0.0807
  dinov2|derm-crowded-K20-0   0.40    0.1765    0.0880     0.2798   -0.1917
  dinov2|derm-crowded-K20-0   0.40    0.0725    0.0277     0.1087   -0.0811
  dinov2|derm-crowded-K20-0   0.40    0.0126    0.0207     0.0103   +0.0104
  dinov2|derm-crowded-K20-0   0.60    0.2443    0.0776     0.3560   -0.2783
  dinov2|derm-crowded-K20-0   0.60    0.2245    0.0828     0.3234   -0.2407
  dinov2|derm-crowded-K20-0   0.60    0.1456    0.0846     0.1937   -0.1091
  dinov2|derm-crowded-K20-0   0.60    0.1167    0.0168     0.1462   -0.1294
  dinov2|derm-crowded-K20-0   0.60    0.1165    0.0504     0.1458   -0.0954
  dinov2|derm-crowded-K20-0   0.60    0.1148    0.0478     0.1431   -0.0953
  dinov2|derm-crowded-K20-0   0.60    0.0652    0.0194     0.0615   -0.0422
  dinov2|derm-crowded-K20-0   0.60    0.0700    0.0142     0.0693   -0.0551
  dinov2|derm-crowded-K20-0   0.60    0.1765    0.0471     0.2445   -0.1974
  dinov2|derm-crowded-K20-0   0.60    0.0725    0.0474     0.0734   -0.0260
  dinov2|derm-crowded-K20-0   0.60    0.0126    0.0156    -0.0250   +0.0406
  dinov2|derm-crowded-K20-1   0.05    0.2505    0.5192     0.4632   +0.0560
  dinov2|derm-crowded-K20-1   0.05    0.2295    0.4441     0.4287   +0.0154
  dinov2|derm-crowded-K20-1   0.05    0.1715    0.2917     0.3335   -0.0418
  dinov2|derm-crowded-K20-1   0.05    0.0986    0.1511     0.2136   -0.0624
  dinov2|derm-crowded-K20-1   0.05    0.1560    0.1702     0.3080   -0.1377
  dinov2|derm-crowded-K20-1   0.05    0.0900    0.1154     0.1993   -0.0839
  dinov2|derm-crowded-K20-1   0.05    0.1017    0.0610     0.2186   -0.1576
  dinov2|derm-crowded-K20-1   0.05    0.0573    0.0649     0.1457   -0.0807
  dinov2|derm-crowded-K20-1   0.05    0.1125    0.1742     0.2364   -0.0621
  dinov2|derm-crowded-K20-1   0.05    0.0713    0.1024     0.1687   -0.0663
  dinov2|derm-crowded-K20-1   0.05    0.0372    0.0304     0.1126   -0.0822
  dinov2|derm-crowded-K20-1   0.10    0.2505    0.4322     0.4544   -0.0222
  dinov2|derm-crowded-K20-1   0.10    0.2295    0.3864     0.4199   -0.0335
  dinov2|derm-crowded-K20-1   0.10    0.1715    0.2704     0.3246   -0.0542
  dinov2|derm-crowded-K20-1   0.10    0.0986    0.1511     0.2047   -0.0536
  dinov2|derm-crowded-K20-1   0.10    0.1560    0.1760     0.2991   -0.1231
  dinov2|derm-crowded-K20-1   0.10    0.0900    0.1154     0.1905   -0.0750
  dinov2|derm-crowded-K20-1   0.10    0.1017    0.0636     0.2097   -0.1461
  dinov2|derm-crowded-K20-1   0.10    0.0573    0.0649     0.1369   -0.0719
  dinov2|derm-crowded-K20-1   0.10    0.1125    0.1717     0.2275   -0.0558
  dinov2|derm-crowded-K20-1   0.10    0.0713    0.1024     0.1598   -0.0575
  dinov2|derm-crowded-K20-1   0.10    0.0372    0.0276     0.1037   -0.0762
  dinov2|derm-crowded-K20-1   0.20    0.2505    0.3134     0.4367   -0.1234
  dinov2|derm-crowded-K20-1   0.20    0.2295    0.3365     0.4022   -0.0658
  dinov2|derm-crowded-K20-1   0.20    0.1715    0.2109     0.3070   -0.0961
  dinov2|derm-crowded-K20-1   0.20    0.0986    0.1281     0.1871   -0.0590
  dinov2|derm-crowded-K20-1   0.20    0.1560    0.1442     0.2815   -0.1373
  dinov2|derm-crowded-K20-1   0.20    0.0900    0.1079     0.1728   -0.0649
  dinov2|derm-crowded-K20-1   0.20    0.1017    0.0436     0.1921   -0.1485
  dinov2|derm-crowded-K20-1   0.20    0.0573    0.0255     0.1192   -0.0937
  dinov2|derm-crowded-K20-1   0.20    0.1125    0.1537     0.2099   -0.0562
  dinov2|derm-crowded-K20-1   0.20    0.0713    0.0767     0.1422   -0.0655
  dinov2|derm-crowded-K20-1   0.20    0.0372    0.0041     0.0861   -0.0819
  dinov2|derm-crowded-K20-1   0.40    0.2505    0.2217     0.4014   -0.1798
  dinov2|derm-crowded-K20-1   0.40    0.2295    0.1766     0.3669   -0.1903
  dinov2|derm-crowded-K20-1   0.40    0.1715    0.1573     0.2717   -0.1143
  dinov2|derm-crowded-K20-1   0.40    0.0986    0.0894     0.1518   -0.0623
  dinov2|derm-crowded-K20-1   0.40    0.1560    0.1255     0.2462   -0.1207
  dinov2|derm-crowded-K20-1   0.40    0.0900    0.0756     0.1375   -0.0619
  dinov2|derm-crowded-K20-1   0.40    0.1017    0.0455     0.1568   -0.1112
  dinov2|derm-crowded-K20-1   0.40    0.0573    0.0162     0.0839   -0.0677
  dinov2|derm-crowded-K20-1   0.40    0.1125    0.0929     0.1746   -0.0817
  dinov2|derm-crowded-K20-1   0.40    0.0713    0.0303     0.1069   -0.0765
  dinov2|derm-crowded-K20-1   0.40    0.0372    0.0000     0.0508   -0.0508
  dinov2|derm-crowded-K20-1   0.60    0.2505    0.0972     0.3661   -0.2689
  dinov2|derm-crowded-K20-1   0.60    0.2295    0.0707     0.3316   -0.2609
  dinov2|derm-crowded-K20-1   0.60    0.1715    0.0409     0.2363   -0.1954
  dinov2|derm-crowded-K20-1   0.60    0.0986    0.0202     0.1164   -0.0963
  dinov2|derm-crowded-K20-1   0.60    0.1560    0.0815     0.2108   -0.1293
  dinov2|derm-crowded-K20-1   0.60    0.0900    0.0063     0.1022   -0.0959
  dinov2|derm-crowded-K20-1   0.60    0.1017    0.0306     0.1215   -0.0909
  dinov2|derm-crowded-K20-1   0.60    0.0573    0.0101     0.0486   -0.0385
  dinov2|derm-crowded-K20-1   0.60    0.1125    0.0050     0.1393   -0.1343
  dinov2|derm-crowded-K20-1   0.60    0.0713    0.0057     0.0716   -0.0658
  dinov2|derm-crowded-K20-1   0.60    0.0372    0.0000     0.0154   -0.0154
  dinov2|derm-crowded-K20-2   0.05    0.2455    0.2992     0.4551   -0.1559
  dinov2|derm-crowded-K20-2   0.05    0.1860    0.1801     0.3572   -0.1772
  dinov2|derm-crowded-K20-2   0.05    0.1518    0.1848     0.3010   -0.1162
  dinov2|derm-crowded-K20-2   0.05    0.1449    0.1267     0.2896   -0.1629
  dinov2|derm-crowded-K20-2   0.05    0.1657    0.1770     0.3239   -0.1469
  dinov2|derm-crowded-K20-2   0.05    0.1366    0.1816     0.2759   -0.0943
  dinov2|derm-crowded-K20-2   0.05    0.1026    0.0502     0.2200   -0.1699
  dinov2|derm-crowded-K20-2   0.05    0.0548    0.0276     0.1415   -0.1139
  dinov2|derm-crowded-K20-2   0.05    0.1252    0.1205     0.2572   -0.1367
  dinov2|derm-crowded-K20-2   0.05    0.0541    0.0490     0.1403   -0.0913
  dinov2|derm-crowded-K20-2   0.05    0.0489    0.0416     0.1318   -0.0902
  dinov2|derm-crowded-K20-2   0.10    0.2455    0.2713     0.4462   -0.1749
  dinov2|derm-crowded-K20-2   0.10    0.1860    0.1764     0.3484   -0.1721
  dinov2|derm-crowded-K20-2   0.10    0.1518    0.1489     0.2921   -0.1432
  dinov2|derm-crowded-K20-2   0.10    0.1449    0.0759     0.2808   -0.2048
  dinov2|derm-crowded-K20-2   0.10    0.1657    0.1761     0.3151   -0.1389
  dinov2|derm-crowded-K20-2   0.10    0.1366    0.1499     0.2671   -0.1172
  dinov2|derm-crowded-K20-2   0.10    0.1026    0.0439     0.2112   -0.1673
  dinov2|derm-crowded-K20-2   0.10    0.0548    0.0276     0.1327   -0.1050
  dinov2|derm-crowded-K20-2   0.10    0.1252    0.1205     0.2484   -0.1279
  dinov2|derm-crowded-K20-2   0.10    0.0541    0.0490     0.1315   -0.0825
  dinov2|derm-crowded-K20-2   0.10    0.0489    0.0389     0.1230   -0.0840
  dinov2|derm-crowded-K20-2   0.20    0.2455    0.2345     0.4286   -0.1941
  dinov2|derm-crowded-K20-2   0.20    0.1860    0.1229     0.3308   -0.2078
  dinov2|derm-crowded-K20-2   0.20    0.1518    0.1059     0.2745   -0.1686
  dinov2|derm-crowded-K20-2   0.20    0.1449    0.0690     0.2631   -0.1941
  dinov2|derm-crowded-K20-2   0.20    0.1657    0.1212     0.2974   -0.1762
  dinov2|derm-crowded-K20-2   0.20    0.1366    0.1392     0.2495   -0.1102
  dinov2|derm-crowded-K20-2   0.20    0.1026    0.0386     0.1936   -0.1549
  dinov2|derm-crowded-K20-2   0.20    0.0548    0.0213     0.1150   -0.0937
  dinov2|derm-crowded-K20-2   0.20    0.1252    0.0941     0.2307   -0.1366
  dinov2|derm-crowded-K20-2   0.20    0.0541    0.0180     0.1139   -0.0958
  dinov2|derm-crowded-K20-2   0.20    0.0489    0.0336     0.1053   -0.0717
  dinov2|derm-crowded-K20-2   0.40    0.2455    0.1112     0.3933   -0.2820
  dinov2|derm-crowded-K20-2   0.40    0.1860    0.0870     0.2955   -0.2085
  dinov2|derm-crowded-K20-2   0.40    0.1518    0.0806     0.2392   -0.1586
  dinov2|derm-crowded-K20-2   0.40    0.1449    0.0281     0.2278   -0.1997
  dinov2|derm-crowded-K20-2   0.40    0.1657    0.1051     0.2621   -0.1570
  dinov2|derm-crowded-K20-2   0.40    0.1366    0.0720     0.2141   -0.1422
  dinov2|derm-crowded-K20-2   0.40    0.1026    0.0262     0.1582   -0.1321
  dinov2|derm-crowded-K20-2   0.40    0.0548    0.0000     0.0797   -0.0797
  dinov2|derm-crowded-K20-2   0.40    0.1252    0.0278     0.1954   -0.1676
  dinov2|derm-crowded-K20-2   0.40    0.0541    0.0055     0.0785   -0.0730
  dinov2|derm-crowded-K20-2   0.40    0.0489    0.0186     0.0700   -0.0514
  dinov2|derm-crowded-K20-2   0.60    0.2455    0.0660     0.3580   -0.2919
  dinov2|derm-crowded-K20-2   0.60    0.1860    0.0216     0.2601   -0.2386
  dinov2|derm-crowded-K20-2   0.60    0.1518    0.0273     0.2039   -0.1766
  dinov2|derm-crowded-K20-2   0.60    0.1449    0.0233     0.1925   -0.1691
  dinov2|derm-crowded-K20-2   0.60    0.1657    0.0633     0.2268   -0.1635
  dinov2|derm-crowded-K20-2   0.60    0.1366    0.0276     0.1788   -0.1513
  dinov2|derm-crowded-K20-2   0.60    0.1026    0.0123     0.1229   -0.1107
  dinov2|derm-crowded-K20-2   0.60    0.0548    0.0000     0.0444   -0.0444
  dinov2|derm-crowded-K20-2   0.60    0.1252    0.0071     0.1601   -0.1530
  dinov2|derm-crowded-K20-2   0.60    0.0541    0.0000     0.0432   -0.0432
  dinov2|derm-crowded-K20-2   0.60    0.0489    0.0204     0.0347   -0.0142
  dinov2|derm-crowded-K20-3   0.05    0.2456    0.4403     0.4552   -0.0149
  dinov2|derm-crowded-K20-3   0.05    0.1648    0.1783     0.3223   -0.1441
  dinov2|derm-crowded-K20-3   0.05    0.1317    0.1667     0.2679   -0.1012
  dinov2|derm-crowded-K20-3   0.05    0.1407    0.1669     0.2828   -0.1159
  dinov2|derm-crowded-K20-3   0.05    0.1339    0.1847     0.2716   -0.0869
  dinov2|derm-crowded-K20-3   0.05    0.1294    0.1818     0.2642   -0.0824
  dinov2|derm-crowded-K20-3   0.05    0.0716    0.1047     0.1691   -0.0644
  dinov2|derm-crowded-K20-3   0.05    0.0372    0.0843     0.1125   -0.0282
  dinov2|derm-crowded-K20-3   0.05    0.0790    0.1327     0.1812   -0.0485
  dinov2|derm-crowded-K20-3   0.05    0.0594    0.0422     0.1490   -0.1068
  dinov2|derm-crowded-K20-3   0.05    0.0417    0.0409     0.1200   -0.0791
  dinov2|derm-crowded-K20-3   0.10    0.2456    0.3898     0.4463   -0.0566
  dinov2|derm-crowded-K20-3   0.10    0.1648    0.1561     0.3135   -0.1574
  dinov2|derm-crowded-K20-3   0.10    0.1317    0.1317     0.2591   -0.1274
  dinov2|derm-crowded-K20-3   0.10    0.1407    0.1367     0.2740   -0.1373
  dinov2|derm-crowded-K20-3   0.10    0.1339    0.1486     0.2628   -0.1142
  dinov2|derm-crowded-K20-3   0.10    0.1294    0.1516     0.2553   -0.1037
  dinov2|derm-crowded-K20-3   0.10    0.0716    0.1224     0.1603   -0.0379
  dinov2|derm-crowded-K20-3   0.10    0.0372    0.0843     0.1037   -0.0194
  dinov2|derm-crowded-K20-3   0.10    0.0790    0.1091     0.1724   -0.0633
  dinov2|derm-crowded-K20-3   0.10    0.0594    0.0422     0.1402   -0.0980
  dinov2|derm-crowded-K20-3   0.10    0.0417    0.0168     0.1112   -0.0944
  dinov2|derm-crowded-K20-3   0.20    0.2456    0.2387     0.4287   -0.1900
  dinov2|derm-crowded-K20-3   0.20    0.1648    0.1421     0.2958   -0.1538
  dinov2|derm-crowded-K20-3   0.20    0.1317    0.0954     0.2415   -0.1460
  dinov2|derm-crowded-K20-3   0.20    0.1407    0.0970     0.2563   -0.1593
  dinov2|derm-crowded-K20-3   0.20    0.1339    0.0733     0.2451   -0.1718
  dinov2|derm-crowded-K20-3   0.20    0.1294    0.0676     0.2377   -0.1700
  dinov2|derm-crowded-K20-3   0.20    0.0716    0.0613     0.1426   -0.0813
  dinov2|derm-crowded-K20-3   0.20    0.0372    0.0245     0.0860   -0.0615
  dinov2|derm-crowded-K20-3   0.20    0.0790    0.0896     0.1547   -0.0652
  dinov2|derm-crowded-K20-3   0.20    0.0594    0.0118     0.1225   -0.1107
  dinov2|derm-crowded-K20-3   0.20    0.0417    0.0075     0.0935   -0.0860
  dinov2|derm-crowded-K20-3   0.40    0.2456    0.2030     0.3934   -0.1904
  dinov2|derm-crowded-K20-3   0.40    0.1648    0.0456     0.2605   -0.2149
  dinov2|derm-crowded-K20-3   0.40    0.1317    0.0439     0.2062   -0.1622
  dinov2|derm-crowded-K20-3   0.40    0.1407    0.0547     0.2210   -0.1663
  dinov2|derm-crowded-K20-3   0.40    0.1339    0.0338     0.2098   -0.1760
  dinov2|derm-crowded-K20-3   0.40    0.1294    0.0313     0.2024   -0.1710
  dinov2|derm-crowded-K20-3   0.40    0.0716    0.0345     0.1073   -0.0728
  dinov2|derm-crowded-K20-3   0.40    0.0372    0.0052     0.0507   -0.0455
  dinov2|derm-crowded-K20-3   0.40    0.0790    0.0505     0.1194   -0.0689
  dinov2|derm-crowded-K20-3   0.40    0.0594    0.0014     0.0872   -0.0858
  dinov2|derm-crowded-K20-3   0.40    0.0417    0.0032     0.0582   -0.0550
  dinov2|derm-crowded-K20-3   0.60    0.2456    0.0543     0.3580   -0.3038
  dinov2|derm-crowded-K20-3   0.60    0.1648    0.0313     0.2252   -0.1939
  dinov2|derm-crowded-K20-3   0.60    0.1317    0.0307     0.1708   -0.1401
  dinov2|derm-crowded-K20-3   0.60    0.1407    0.0355     0.1857   -0.1502
  dinov2|derm-crowded-K20-3   0.60    0.1339    0.0235     0.1745   -0.1511
  dinov2|derm-crowded-K20-3   0.60    0.1294    0.0198     0.1670   -0.1472
  dinov2|derm-crowded-K20-3   0.60    0.0716    0.0276     0.0720   -0.0444
  dinov2|derm-crowded-K20-3   0.60    0.0372    0.0014     0.0154   -0.0140
  dinov2|derm-crowded-K20-3   0.60    0.0790    0.0247     0.0841   -0.0594
  dinov2|derm-crowded-K20-3   0.60    0.0594    0.0014     0.0519   -0.0505
  dinov2|derm-crowded-K20-3   0.60    0.0417    0.0000     0.0229   -0.0229
  dinov2|derm-crowded-K30-0   0.05    0.2314    0.3275     0.4320   -0.1044
  dinov2|derm-crowded-K30-0   0.05    0.2916    0.5113     0.5309   -0.0196
  dinov2|derm-crowded-K30-0   0.05    0.1692    0.1921     0.3296   -0.1375
  dinov2|derm-crowded-K30-0   0.05    0.1300    0.2844     0.2651   +0.0192
  dinov2|derm-crowded-K30-0   0.05    0.2296    0.3362     0.4290   -0.0927
  dinov2|derm-crowded-K30-0   0.05    0.0461    0.1297     0.1272   +0.0025
  dinov2|derm-crowded-K30-0   0.05    0.0813    0.1603     0.1851   -0.0248
  dinov2|derm-crowded-K30-0   0.05    0.1057    0.1966     0.2252   -0.0286
  dinov2|derm-crowded-K30-0   0.05    0.1308    0.0671     0.2664   -0.1993
  dinov2|derm-crowded-K30-0   0.05    0.1004    0.0267     0.2164   -0.1897
  dinov2|derm-crowded-K30-0   0.05    0.0913    0.0892     0.2015   -0.1123
  dinov2|derm-crowded-K30-0   0.10    0.2314    0.3039     0.4231   -0.1192
  dinov2|derm-crowded-K30-0   0.10    0.2916    0.3499     0.5221   -0.1722
  dinov2|derm-crowded-K30-0   0.10    0.1692    0.1705     0.3208   -0.1503
  dinov2|derm-crowded-K30-0   0.10    0.1300    0.2254     0.2563   -0.0309
  dinov2|derm-crowded-K30-0   0.10    0.2296    0.2932     0.4201   -0.1269
  dinov2|derm-crowded-K30-0   0.10    0.0461    0.1228     0.1183   +0.0045
  dinov2|derm-crowded-K30-0   0.10    0.0813    0.1364     0.1763   -0.0399
  dinov2|derm-crowded-K30-0   0.10    0.1057    0.1715     0.2164   -0.0449
  dinov2|derm-crowded-K30-0   0.10    0.1308    0.0659     0.2576   -0.1917
  dinov2|derm-crowded-K30-0   0.10    0.1004    0.0235     0.2076   -0.1842
  dinov2|derm-crowded-K30-0   0.10    0.0913    0.0892     0.1926   -0.1035
  dinov2|derm-crowded-K30-0   0.20    0.2314    0.2095     0.4055   -0.1959
  dinov2|derm-crowded-K30-0   0.20    0.2916    0.3321     0.5044   -0.1723
  dinov2|derm-crowded-K30-0   0.20    0.1692    0.1497     0.3031   -0.1534
  dinov2|derm-crowded-K30-0   0.20    0.1300    0.1084     0.2387   -0.1303
  dinov2|derm-crowded-K30-0   0.20    0.2296    0.1617     0.4025   -0.2408
  dinov2|derm-crowded-K30-0   0.20    0.0461    0.1110     0.1007   +0.0104
  dinov2|derm-crowded-K30-0   0.20    0.0813    0.1051     0.1586   -0.0536
  dinov2|derm-crowded-K30-0   0.20    0.1057    0.1372     0.1987   -0.0615
  dinov2|derm-crowded-K30-0   0.20    0.1308    0.0567     0.2399   -0.1832
  dinov2|derm-crowded-K30-0   0.20    0.1004    0.0189     0.1900   -0.1711
  dinov2|derm-crowded-K30-0   0.20    0.0913    0.0548     0.1750   -0.1202
  dinov2|derm-crowded-K30-0   0.40    0.2314    0.1487     0.3702   -0.2214
  dinov2|derm-crowded-K30-0   0.40    0.2916    0.1899     0.4691   -0.2792
  dinov2|derm-crowded-K30-0   0.40    0.1692    0.0752     0.2678   -0.1927
  dinov2|derm-crowded-K30-0   0.40    0.1300    0.0556     0.2033   -0.1477
  dinov2|derm-crowded-K30-0   0.40    0.2296    0.0928     0.3672   -0.2743
  dinov2|derm-crowded-K30-0   0.40    0.0461    0.0490     0.0654   -0.0163
  dinov2|derm-crowded-K30-0   0.40    0.0813    0.0749     0.1233   -0.0484
  dinov2|derm-crowded-K30-0   0.40    0.1057    0.0682     0.1634   -0.0952
  dinov2|derm-crowded-K30-0   0.40    0.1308    0.0047     0.2046   -0.1999
  dinov2|derm-crowded-K30-0   0.40    0.1004    0.0032     0.1547   -0.1515
  dinov2|derm-crowded-K30-0   0.40    0.0913    0.0106     0.1397   -0.1291
  dinov2|derm-crowded-K30-0   0.60    0.2314    0.0993     0.3348   -0.2356
  dinov2|derm-crowded-K30-0   0.60    0.2916    0.0932     0.4338   -0.3406
  dinov2|derm-crowded-K30-0   0.60    0.1692    0.0064     0.2325   -0.2261
  dinov2|derm-crowded-K30-0   0.60    0.1300    0.0422     0.1680   -0.1259
  dinov2|derm-crowded-K30-0   0.60    0.2296    0.0716     0.3319   -0.2602
  dinov2|derm-crowded-K30-0   0.60    0.0461    0.0101     0.0300   -0.0199
  dinov2|derm-crowded-K30-0   0.60    0.0813    0.0220     0.0880   -0.0660
  dinov2|derm-crowded-K30-0   0.60    0.1057    0.0308     0.1281   -0.0973
  dinov2|derm-crowded-K30-0   0.60    0.1308    0.0031     0.1693   -0.1661
  dinov2|derm-crowded-K30-0   0.60    0.1004    0.0016     0.1193   -0.1177
  dinov2|derm-crowded-K30-0   0.60    0.0913    0.0035     0.1044   -0.1009
  dinov2|derm-crowded-K30-1   0.05    0.3177    0.5251     0.5738   -0.0487
  dinov2|derm-crowded-K30-1   0.05    0.1817    0.1944     0.3501   -0.1557
  dinov2|derm-crowded-K30-1   0.05    0.1344    0.2391     0.2725   -0.0334
  dinov2|derm-crowded-K30-1   0.05    0.1232    0.0970     0.2540   -0.1570
  dinov2|derm-crowded-K30-1   0.05    0.1552    0.1969     0.3066   -0.1097
  dinov2|derm-crowded-K30-1   0.05    0.1432    0.1824     0.2868   -0.1044
  dinov2|derm-crowded-K30-1   0.05    0.0975    0.0932     0.2118   -0.1186
  dinov2|derm-crowded-K30-1   0.05    0.0751    0.1090     0.1749   -0.0659
  dinov2|derm-crowded-K30-1   0.05    0.1637    0.1169     0.3206   -0.2037
  dinov2|derm-crowded-K30-1   0.05    0.1090    0.1188     0.2306   -0.1118
  dinov2|derm-crowded-K30-1   0.05    0.0619    0.0344     0.1531   -0.1187
  dinov2|derm-crowded-K30-1   0.10    0.3177    0.4444     0.5650   -0.1206
  dinov2|derm-crowded-K30-1   0.10    0.1817    0.1742     0.3413   -0.1671
  dinov2|derm-crowded-K30-1   0.10    0.1344    0.2205     0.2636   -0.0431
  dinov2|derm-crowded-K30-1   0.10    0.1232    0.0945     0.2452   -0.1507
  dinov2|derm-crowded-K30-1   0.10    0.1552    0.1795     0.2978   -0.1183
  dinov2|derm-crowded-K30-1   0.10    0.1432    0.1793     0.2780   -0.0987
  dinov2|derm-crowded-K30-1   0.10    0.0975    0.0789     0.2030   -0.1241
  dinov2|derm-crowded-K30-1   0.10    0.0751    0.0926     0.1660   -0.0734
  dinov2|derm-crowded-K30-1   0.10    0.1637    0.1124     0.3118   -0.1994
  dinov2|derm-crowded-K30-1   0.10    0.1090    0.0984     0.2218   -0.1234
  dinov2|derm-crowded-K30-1   0.10    0.0619    0.0336     0.1443   -0.1107
  dinov2|derm-crowded-K30-1   0.20    0.3177    0.4091     0.5474   -0.1383
  dinov2|derm-crowded-K30-1   0.20    0.1817    0.1700     0.3236   -0.1537
  dinov2|derm-crowded-K30-1   0.20    0.1344    0.1127     0.2460   -0.1333
  dinov2|derm-crowded-K30-1   0.20    0.1232    0.0646     0.2275   -0.1629
  dinov2|derm-crowded-K30-1   0.20    0.1552    0.1379     0.2801   -0.1422
  dinov2|derm-crowded-K30-1   0.20    0.1432    0.1373     0.2603   -0.1230
  dinov2|derm-crowded-K30-1   0.20    0.0975    0.0695     0.1853   -0.1158
  dinov2|derm-crowded-K30-1   0.20    0.0751    0.0827     0.1484   -0.0657
  dinov2|derm-crowded-K30-1   0.20    0.1637    0.0693     0.2941   -0.2248
  dinov2|derm-crowded-K30-1   0.20    0.1090    0.0682     0.2041   -0.1359
  dinov2|derm-crowded-K30-1   0.20    0.0619    0.0305     0.1266   -0.0961
  dinov2|derm-crowded-K30-1   0.40    0.3177    0.2853     0.5121   -0.2268
  dinov2|derm-crowded-K30-1   0.40    0.1817    0.0667     0.2883   -0.2216
  dinov2|derm-crowded-K30-1   0.40    0.1344    0.0850     0.2107   -0.1257
  dinov2|derm-crowded-K30-1   0.40    0.1232    0.0380     0.1922   -0.1542
  dinov2|derm-crowded-K30-1   0.40    0.1552    0.0724     0.2448   -0.1724
  dinov2|derm-crowded-K30-1   0.40    0.1432    0.0413     0.2250   -0.1837
  dinov2|derm-crowded-K30-1   0.40    0.0975    0.0123     0.1500   -0.1377
  dinov2|derm-crowded-K30-1   0.40    0.0751    0.0264     0.1131   -0.0867
  dinov2|derm-crowded-K30-1   0.40    0.1637    0.0211     0.2588   -0.2377
  dinov2|derm-crowded-K30-1   0.40    0.1090    0.0262     0.1688   -0.1427
  dinov2|derm-crowded-K30-1   0.40    0.0619    0.0104     0.0913   -0.0810
  dinov2|derm-crowded-K30-1   0.60    0.3177    0.1902     0.4767   -0.2866
  dinov2|derm-crowded-K30-1   0.60    0.1817    0.0150     0.2530   -0.2380
  dinov2|derm-crowded-K30-1   0.60    0.1344    0.0356     0.1753   -0.1398
  dinov2|derm-crowded-K30-1   0.60    0.1232    0.0141     0.1569   -0.1428
  dinov2|derm-crowded-K30-1   0.60    0.1552    0.0430     0.2095   -0.1664
  dinov2|derm-crowded-K30-1   0.60    0.1432    0.0017     0.1897   -0.1880
  dinov2|derm-crowded-K30-1   0.60    0.0975    0.0018     0.1147   -0.1129
  dinov2|derm-crowded-K30-1   0.60    0.0751    0.0000     0.0778   -0.0778
  dinov2|derm-crowded-K30-1   0.60    0.1637    0.0170     0.2235   -0.2065
  dinov2|derm-crowded-K30-1   0.60    0.1090    0.0055     0.1335   -0.1280
  dinov2|derm-crowded-K30-1   0.60    0.0619    0.0000     0.0560   -0.0560
  dinov2|derm-crowded-K30-2   0.05    0.3456    0.6176     0.6198   -0.0022
  dinov2|derm-crowded-K30-2   0.05    0.2435    0.2576     0.4518   -0.1942
  dinov2|derm-crowded-K30-2   0.05    0.2278    0.1447     0.4260   -0.2813
  dinov2|derm-crowded-K30-2   0.05    0.1833    0.2445     0.3527   -0.1082
  dinov2|derm-crowded-K30-2   0.05    0.2278    0.1655     0.4260   -0.2605
  dinov2|derm-crowded-K30-2   0.05    0.1801    0.1941     0.3476   -0.1535
  dinov2|derm-crowded-K30-2   0.05    0.1684    0.1868     0.3282   -0.1414
  dinov2|derm-crowded-K30-2   0.05    0.0993    0.0830     0.2147   -0.1317
  dinov2|derm-crowded-K30-2   0.05    0.1732    0.1757     0.3363   -0.1606
  dinov2|derm-crowded-K30-2   0.05    0.1164    0.1469     0.2428   -0.0959
  dinov2|derm-crowded-K30-2   0.05    0.0696    0.0885     0.1658   -0.0773
  dinov2|derm-crowded-K30-2   0.10    0.3456    0.5352     0.6109   -0.0757
  dinov2|derm-crowded-K30-2   0.10    0.2435    0.2185     0.4430   -0.2245
  dinov2|derm-crowded-K30-2   0.10    0.2278    0.1417     0.4172   -0.2755
  dinov2|derm-crowded-K30-2   0.10    0.1833    0.2248     0.3439   -0.1191
  dinov2|derm-crowded-K30-2   0.10    0.2278    0.1455     0.4172   -0.2717
  dinov2|derm-crowded-K30-2   0.10    0.1801    0.1296     0.3387   -0.2091
  dinov2|derm-crowded-K30-2   0.10    0.1684    0.1011     0.3194   -0.2183
  dinov2|derm-crowded-K30-2   0.10    0.0993    0.0830     0.2058   -0.1229
  dinov2|derm-crowded-K30-2   0.10    0.1732    0.1380     0.3274   -0.1894
  dinov2|derm-crowded-K30-2   0.10    0.1164    0.1469     0.2340   -0.0871
  dinov2|derm-crowded-K30-2   0.10    0.0696    0.0494     0.1570   -0.1075
  dinov2|derm-crowded-K30-2   0.20    0.3456    0.4215     0.5933   -0.1718
  dinov2|derm-crowded-K30-2   0.20    0.2435    0.1028     0.4253   -0.3225
  dinov2|derm-crowded-K30-2   0.20    0.2278    0.0906     0.3995   -0.3089
  dinov2|derm-crowded-K30-2   0.20    0.1833    0.0993     0.3263   -0.2270
  dinov2|derm-crowded-K30-2   0.20    0.2278    0.0889     0.3995   -0.3106
  dinov2|derm-crowded-K30-2   0.20    0.1801    0.1172     0.3211   -0.2039
  dinov2|derm-crowded-K30-2   0.20    0.1684    0.0920     0.3018   -0.2097
  dinov2|derm-crowded-K30-2   0.20    0.0993    0.0199     0.1882   -0.1683
  dinov2|derm-crowded-K30-2   0.20    0.1732    0.0389     0.3098   -0.2709
  dinov2|derm-crowded-K30-2   0.20    0.1164    0.0421     0.2163   -0.1742
  dinov2|derm-crowded-K30-2   0.20    0.0696    0.0494     0.1393   -0.0899
  dinov2|derm-crowded-K30-2   0.40    0.3456    0.3159     0.5580   -0.2420
  dinov2|derm-crowded-K30-2   0.40    0.2435    0.0716     0.3900   -0.3184
  dinov2|derm-crowded-K30-2   0.40    0.2278    0.0586     0.3642   -0.3057
  dinov2|derm-crowded-K30-2   0.40    0.1833    0.0549     0.2909   -0.2361
  dinov2|derm-crowded-K30-2   0.40    0.2278    0.0510     0.3642   -0.3132
  dinov2|derm-crowded-K30-2   0.40    0.1801    0.0664     0.2858   -0.2194
  dinov2|derm-crowded-K30-2   0.40    0.1684    0.0285     0.2664   -0.2379
  dinov2|derm-crowded-K30-2   0.40    0.0993    0.0083     0.1529   -0.1445
  dinov2|derm-crowded-K30-2   0.40    0.1732    0.0255     0.2745   -0.2490
  dinov2|derm-crowded-K30-2   0.40    0.1164    0.0237     0.1810   -0.1573
  dinov2|derm-crowded-K30-2   0.40    0.0696    0.0284     0.1040   -0.0756
  dinov2|derm-crowded-K30-2   0.60    0.3456    0.1825     0.5226   -0.3401
  dinov2|derm-crowded-K30-2   0.60    0.2435    0.0343     0.3547   -0.3204
  dinov2|derm-crowded-K30-2   0.60    0.2278    0.0388     0.3289   -0.2901
  dinov2|derm-crowded-K30-2   0.60    0.1833    0.0301     0.2556   -0.2255
  dinov2|derm-crowded-K30-2   0.60    0.2278    0.0425     0.3289   -0.2864
  dinov2|derm-crowded-K30-2   0.60    0.1801    0.0221     0.2505   -0.2284
  dinov2|derm-crowded-K30-2   0.60    0.1684    0.0029     0.2311   -0.2283
  dinov2|derm-crowded-K30-2   0.60    0.0993    0.0050     0.1175   -0.1125
  dinov2|derm-crowded-K30-2   0.60    0.1732    0.0023     0.2391   -0.2369
  dinov2|derm-crowded-K30-2   0.60    0.1164    0.0047     0.1457   -0.1410
  dinov2|derm-crowded-K30-2   0.60    0.0696    0.0000     0.0687   -0.0687
  dinov2|derm-crowded-K30-3   0.05    0.3315    0.6348     0.5965   +0.0383
  dinov2|derm-crowded-K30-3   0.05    0.3315    0.6120     0.5965   +0.0155
  dinov2|derm-crowded-K30-3   0.05    0.1876    0.2483     0.3599   -0.1116
  dinov2|derm-crowded-K30-3   0.05    0.1765    0.2798     0.3416   -0.0618
  dinov2|derm-crowded-K30-3   0.05    0.1538    0.2221     0.3042   -0.0821
  dinov2|derm-crowded-K30-3   0.05    0.1655    0.2848     0.3235   -0.0386
  dinov2|derm-crowded-K30-3   0.05    0.1264    0.1806     0.2592   -0.0786
  dinov2|derm-crowded-K30-3   0.05    0.1023    0.0594     0.2195   -0.1601
  dinov2|derm-crowded-K30-3   0.05    0.2352    0.3213     0.4381   -0.1169
  dinov2|derm-crowded-K30-3   0.05    0.1182    0.0637     0.2458   -0.1821
  dinov2|derm-crowded-K30-3   0.05    0.0994    0.0323     0.2148   -0.1825
  dinov2|derm-crowded-K30-3   0.10    0.3315    0.5671     0.5877   -0.0206
  dinov2|derm-crowded-K30-3   0.10    0.3315    0.5296     0.5877   -0.0581
  dinov2|derm-crowded-K30-3   0.10    0.1876    0.2450     0.3511   -0.1061
  dinov2|derm-crowded-K30-3   0.10    0.1765    0.2700     0.3328   -0.0627
  dinov2|derm-crowded-K30-3   0.10    0.1538    0.2132     0.2954   -0.0822
  dinov2|derm-crowded-K30-3   0.10    0.1655    0.2897     0.3146   -0.0249
  dinov2|derm-crowded-K30-3   0.10    0.1264    0.1806     0.2504   -0.0697
  dinov2|derm-crowded-K30-3   0.10    0.1023    0.0418     0.2107   -0.1689
  dinov2|derm-crowded-K30-3   0.10    0.2352    0.2179     0.4293   -0.2114
  dinov2|derm-crowded-K30-3   0.10    0.1182    0.0637     0.2370   -0.1733
  dinov2|derm-crowded-K30-3   0.10    0.0994    0.0323     0.2060   -0.1737
  dinov2|derm-crowded-K30-3   0.20    0.3315    0.3544     0.5700   -0.2156
  dinov2|derm-crowded-K30-3   0.20    0.3315    0.4245     0.5700   -0.1455
  dinov2|derm-crowded-K30-3   0.20    0.1876    0.1921     0.3334   -0.1413
  dinov2|derm-crowded-K30-3   0.20    0.1765    0.1506     0.3151   -0.1645
  dinov2|derm-crowded-K30-3   0.20    0.1538    0.1896     0.2777   -0.0881
  dinov2|derm-crowded-K30-3   0.20    0.1655    0.2538     0.2970   -0.0432
  dinov2|derm-crowded-K30-3   0.20    0.1264    0.1481     0.2327   -0.0846
  dinov2|derm-crowded-K30-3   0.20    0.1023    0.0418     0.1931   -0.1512
  dinov2|derm-crowded-K30-3   0.20    0.2352    0.1788     0.4116   -0.2329
  dinov2|derm-crowded-K30-3   0.20    0.1182    0.0567     0.2193   -0.1626
  dinov2|derm-crowded-K30-3   0.20    0.0994    0.0258     0.1883   -0.1625
  dinov2|derm-crowded-K30-3   0.40    0.3315    0.1413     0.5347   -0.3934
  dinov2|derm-crowded-K30-3   0.40    0.3315    0.1267     0.5347   -0.4080
  dinov2|derm-crowded-K30-3   0.40    0.1876    0.0713     0.2981   -0.2268
  dinov2|derm-crowded-K30-3   0.40    0.1765    0.0489     0.2798   -0.2309
  dinov2|derm-crowded-K30-3   0.40    0.1538    0.1389     0.2424   -0.1036
  dinov2|derm-crowded-K30-3   0.40    0.1655    0.2042     0.2617   -0.0574
  dinov2|derm-crowded-K30-3   0.40    0.1264    0.0906     0.1974   -0.1068
  dinov2|derm-crowded-K30-3   0.40    0.1023    0.0131     0.1577   -0.1447
  dinov2|derm-crowded-K30-3   0.40    0.2352    0.0698     0.3763   -0.3065
  dinov2|derm-crowded-K30-3   0.40    0.1182    0.0321     0.1840   -0.1519
  dinov2|derm-crowded-K30-3   0.40    0.0994    0.0223     0.1530   -0.1307
  dinov2|derm-crowded-K30-3   0.60    0.3315    0.0922     0.4994   -0.4071
  dinov2|derm-crowded-K30-3   0.60    0.3315    0.0754     0.4994   -0.4240
  dinov2|derm-crowded-K30-3   0.60    0.1876    0.0429     0.2628   -0.2199
  dinov2|derm-crowded-K30-3   0.60    0.1765    0.0191     0.2445   -0.2254
  dinov2|derm-crowded-K30-3   0.60    0.1538    0.0521     0.2071   -0.1550
  dinov2|derm-crowded-K30-3   0.60    0.1655    0.0441     0.2264   -0.1822
  dinov2|derm-crowded-K30-3   0.60    0.1264    0.0310     0.1621   -0.1311
  dinov2|derm-crowded-K30-3   0.60    0.1023    0.0020     0.1224   -0.1204
  dinov2|derm-crowded-K30-3   0.60    0.2352    0.0000     0.3410   -0.3410
  dinov2|derm-crowded-K30-3   0.60    0.1182    0.0169     0.1487   -0.1318
  dinov2|derm-crowded-K30-3   0.60    0.0994    0.0168     0.1177   -0.1009
  dinov2|derm-varied-K20-0   0.05    0.0976    0.0865     0.2119   -0.1255
  dinov2|derm-varied-K20-0   0.05    0.2391    0.3952     0.4446   -0.0493
  dinov2|derm-varied-K20-0   0.05    0.2176    0.3818     0.4092   -0.0274
  dinov2|derm-varied-K20-0   0.05    0.1638    0.2331     0.3207   -0.0876
  dinov2|derm-varied-K20-0   0.05    0.1770    0.3124     0.3425   -0.0301
  dinov2|derm-varied-K20-0   0.05    0.1705    0.2877     0.3318   -0.0441
  dinov2|derm-varied-K20-0   0.05    0.1489    0.1962     0.2963   -0.1000
  dinov2|derm-varied-K20-0   0.05    0.1384    0.1725     0.2790   -0.1065
  dinov2|derm-varied-K20-0   0.05    0.1009    0.1135     0.2174   -0.1039
  dinov2|derm-varied-K20-0   0.05    0.1064    0.1524     0.2263   -0.0739
  dinov2|derm-varied-K20-0   0.05    0.0383    0.0752     0.1144   -0.0392
  dinov2|derm-varied-K20-0   0.05    0.0169    0.0407     0.0791   -0.0384
  dinov2|derm-varied-K20-0   0.10    0.0976    0.0865     0.2031   -0.1166
  dinov2|derm-varied-K20-0   0.10    0.2391    0.3424     0.4358   -0.0934
  dinov2|derm-varied-K20-0   0.10    0.2176    0.2615     0.4004   -0.1388
  dinov2|derm-varied-K20-0   0.10    0.1638    0.2268     0.3118   -0.0850
  dinov2|derm-varied-K20-0   0.10    0.1770    0.2241     0.3337   -0.1096
  dinov2|derm-varied-K20-0   0.10    0.1705    0.2226     0.3230   -0.1003
  dinov2|derm-varied-K20-0   0.10    0.1489    0.1896     0.2874   -0.0979
  dinov2|derm-varied-K20-0   0.10    0.1384    0.1378     0.2702   -0.1324
  dinov2|derm-varied-K20-0   0.10    0.1009    0.1045     0.2085   -0.1041
  dinov2|derm-varied-K20-0   0.10    0.1064    0.1357     0.2175   -0.0818
  dinov2|derm-varied-K20-0   0.10    0.0383    0.0669     0.1056   -0.0387
  dinov2|derm-varied-K20-0   0.10    0.0169    0.0126     0.0703   -0.0578
  dinov2|derm-varied-K20-0   0.20    0.0976    0.0370     0.1854   -0.1484
  dinov2|derm-varied-K20-0   0.20    0.2391    0.2826     0.4181   -0.1355
  dinov2|derm-varied-K20-0   0.20    0.2176    0.2055     0.3827   -0.1772
  dinov2|derm-varied-K20-0   0.20    0.1638    0.2179     0.2942   -0.0763
  dinov2|derm-varied-K20-0   0.20    0.1770    0.2293     0.3160   -0.0867
  dinov2|derm-varied-K20-0   0.20    0.1705    0.1971     0.3053   -0.1082
  dinov2|derm-varied-K20-0   0.20    0.1489    0.1423     0.2698   -0.1275
  dinov2|derm-varied-K20-0   0.20    0.1384    0.1264     0.2525   -0.1262
  dinov2|derm-varied-K20-0   0.20    0.1009    0.0835     0.1909   -0.1074
  dinov2|derm-varied-K20-0   0.20    0.1064    0.0574     0.1998   -0.1425
  dinov2|derm-varied-K20-0   0.20    0.0383    0.0588     0.0879   -0.0291
  dinov2|derm-varied-K20-0   0.20    0.0169    0.0126     0.0527   -0.0401
  dinov2|derm-varied-K20-0   0.40    0.0976    0.0382     0.1501   -0.1119
  dinov2|derm-varied-K20-0   0.40    0.2391    0.2067     0.3828   -0.1761
  dinov2|derm-varied-K20-0   0.40    0.2176    0.1817     0.3474   -0.1657
  dinov2|derm-varied-K20-0   0.40    0.1638    0.1020     0.2589   -0.1569
  dinov2|derm-varied-K20-0   0.40    0.1770    0.2010     0.2807   -0.0797
  dinov2|derm-varied-K20-0   0.40    0.1705    0.1922     0.2700   -0.0778
  dinov2|derm-varied-K20-0   0.40    0.1489    0.0962     0.2345   -0.1383
  dinov2|derm-varied-K20-0   0.40    0.1384    0.0695     0.2172   -0.1477
  dinov2|derm-varied-K20-0   0.40    0.1009    0.0384     0.1556   -0.1172
  dinov2|derm-varied-K20-0   0.40    0.1064    0.0116     0.1645   -0.1529
  dinov2|derm-varied-K20-0   0.40    0.0383    0.0060     0.0526   -0.0466
  dinov2|derm-varied-K20-0   0.40    0.0169    0.0038     0.0173   -0.0136
  dinov2|derm-varied-K20-0   0.60    0.0976    0.0164     0.1148   -0.0985
  dinov2|derm-varied-K20-0   0.60    0.2391    0.1751     0.3475   -0.1724
  dinov2|derm-varied-K20-0   0.60    0.2176    0.0968     0.3121   -0.2153
  dinov2|derm-varied-K20-0   0.60    0.1638    0.0813     0.2236   -0.1423
  dinov2|derm-varied-K20-0   0.60    0.1770    0.1718     0.2454   -0.0736
  dinov2|derm-varied-K20-0   0.60    0.1705    0.1543     0.2347   -0.0804
  dinov2|derm-varied-K20-0   0.60    0.1489    0.0692     0.1992   -0.1300
  dinov2|derm-varied-K20-0   0.60    0.1384    0.0402     0.1819   -0.1418
  dinov2|derm-varied-K20-0   0.60    0.1009    0.0218     0.1203   -0.0984
  dinov2|derm-varied-K20-0   0.60    0.1064    0.0000     0.1292   -0.1292
  dinov2|derm-varied-K20-0   0.60    0.0383    0.0000     0.0173   -0.0173
  dinov2|derm-varied-K20-0   0.60    0.0169    0.0025    -0.0180   +0.0205
  dinov2|derm-varied-K20-1   0.05    0.1001    0.0504     0.2159   -0.1655
  dinov2|derm-varied-K20-1   0.05    0.2021    0.4279     0.3837   +0.0443
  dinov2|derm-varied-K20-1   0.05    0.2151    0.4890     0.4051   +0.0839
  dinov2|derm-varied-K20-1   0.05    0.1014    0.1936     0.2182   -0.0246
  dinov2|derm-varied-K20-1   0.05    0.1465    0.4342     0.2922   +0.1419
  dinov2|derm-varied-K20-1   0.05    0.0793    0.1623     0.1818   -0.0195
  dinov2|derm-varied-K20-1   0.05    0.1222    0.3078     0.2524   +0.0555
  dinov2|derm-varied-K20-1   0.05    0.1247    0.3448     0.2564   +0.0883
  dinov2|derm-varied-K20-1   0.05    0.1064    0.2331     0.2263   +0.0068
  dinov2|derm-varied-K20-1   0.05    0.0866    0.0551     0.1938   -0.1387
  dinov2|derm-varied-K20-1   0.05    0.1191    0.1594     0.2472   -0.0878
  dinov2|derm-varied-K20-1   0.05    0.0091    0.0186     0.0664   -0.0478
  dinov2|derm-varied-K20-1   0.10    0.1001    0.0452     0.2071   -0.1619
  dinov2|derm-varied-K20-1   0.10    0.2021    0.3335     0.3749   -0.0413
  dinov2|derm-varied-K20-1   0.10    0.2151    0.3287     0.3963   -0.0675
  dinov2|derm-varied-K20-1   0.10    0.1014    0.1672     0.2094   -0.0422
  dinov2|derm-varied-K20-1   0.10    0.1465    0.2885     0.2834   +0.0051
  dinov2|derm-varied-K20-1   0.10    0.0793    0.1286     0.1730   -0.0444
  dinov2|derm-varied-K20-1   0.10    0.1222    0.2443     0.2435   +0.0008
  dinov2|derm-varied-K20-1   0.10    0.1247    0.2572     0.2476   +0.0095
  dinov2|derm-varied-K20-1   0.10    0.1064    0.1310     0.2175   -0.0865
  dinov2|derm-varied-K20-1   0.10    0.0866    0.0558     0.1850   -0.1292
  dinov2|derm-varied-K20-1   0.10    0.1191    0.1046     0.2384   -0.1337
  dinov2|derm-varied-K20-1   0.10    0.0091    0.0205     0.0575   -0.0370
  dinov2|derm-varied-K20-1   0.20    0.1001    0.0412     0.1894   -0.1482
  dinov2|derm-varied-K20-1   0.20    0.2021    0.2297     0.3572   -0.1275
  dinov2|derm-varied-K20-1   0.20    0.2151    0.2696     0.3786   -0.1090
  dinov2|derm-varied-K20-1   0.20    0.1014    0.1410     0.1917   -0.0507
  dinov2|derm-varied-K20-1   0.20    0.1465    0.2050     0.2657   -0.0607
  dinov2|derm-varied-K20-1   0.20    0.0793    0.1084     0.1553   -0.0470
  dinov2|derm-varied-K20-1   0.20    0.1222    0.1597     0.2259   -0.0662
  dinov2|derm-varied-K20-1   0.20    0.1247    0.1914     0.2300   -0.0385
  dinov2|derm-varied-K20-1   0.20    0.1064    0.0948     0.1998   -0.1050
  dinov2|derm-varied-K20-1   0.20    0.0866    0.0548     0.1674   -0.1126
  dinov2|derm-varied-K20-1   0.20    0.1191    0.0984     0.2207   -0.1223
  dinov2|derm-varied-K20-1   0.20    0.0091    0.0176     0.0399   -0.0222
  dinov2|derm-varied-K20-1   0.40    0.1001    0.0235     0.1541   -0.1306
  dinov2|derm-varied-K20-1   0.40    0.2021    0.1643     0.3219   -0.1576
  dinov2|derm-varied-K20-1   0.40    0.2151    0.1634     0.3433   -0.1799
  dinov2|derm-varied-K20-1   0.40    0.1014    0.0546     0.1564   -0.1018
  dinov2|derm-varied-K20-1   0.40    0.1465    0.1156     0.2304   -0.1148
  dinov2|derm-varied-K20-1   0.40    0.0793    0.0569     0.1200   -0.0631
  dinov2|derm-varied-K20-1   0.40    0.1222    0.0539     0.1906   -0.1367
  dinov2|derm-varied-K20-1   0.40    0.1247    0.0563     0.1946   -0.1383
  dinov2|derm-varied-K20-1   0.40    0.1064    0.0414     0.1645   -0.1231
  dinov2|derm-varied-K20-1   0.40    0.0866    0.0234     0.1320   -0.1087
  dinov2|derm-varied-K20-1   0.40    0.1191    0.0338     0.1854   -0.1516
  dinov2|derm-varied-K20-1   0.40    0.0091    0.0031     0.0046   -0.0014
  dinov2|derm-varied-K20-1   0.60    0.1001    0.0071     0.1188   -0.1117
  dinov2|derm-varied-K20-1   0.60    0.2021    0.0764     0.2866   -0.2102
  dinov2|derm-varied-K20-1   0.60    0.2151    0.1322     0.3080   -0.1757
  dinov2|derm-varied-K20-1   0.60    0.1014    0.0434     0.1211   -0.0777
  dinov2|derm-varied-K20-1   0.60    0.1465    0.0353     0.1951   -0.1598
  dinov2|derm-varied-K20-1   0.60    0.0793    0.0173     0.0847   -0.0674
  dinov2|derm-varied-K20-1   0.60    0.1222    0.0263     0.1553   -0.1289
  dinov2|derm-varied-K20-1   0.60    0.1247    0.0333     0.1593   -0.1260
  dinov2|derm-varied-K20-1   0.60    0.1064    0.0186     0.1292   -0.1106
  dinov2|derm-varied-K20-1   0.60    0.0866    0.0060     0.0967   -0.0907
  dinov2|derm-varied-K20-1   0.60    0.1191    0.0181     0.1501   -0.1320
  dinov2|derm-varied-K20-1   0.60    0.0091    0.0026    -0.0307   +0.0333
  dinov2|derm-varied-K20-2   0.05    0.1209    0.0896     0.2502   -0.1607
  dinov2|derm-varied-K20-2   0.05    0.2771    0.5133     0.5070   +0.0063
  dinov2|derm-varied-K20-2   0.05    0.2966    0.5890     0.5391   +0.0499
  dinov2|derm-varied-K20-2   0.05    0.2771    0.5164     0.5070   +0.0094
  dinov2|derm-varied-K20-2   0.05    0.1922    0.2666     0.3674   -0.1008
  dinov2|derm-varied-K20-2   0.05    0.2243    0.3716     0.4203   -0.0487
  dinov2|derm-varied-K20-2   0.05    0.1629    0.2856     0.3192   -0.0337
  dinov2|derm-varied-K20-2   0.05    0.1580    0.2178     0.3112   -0.0934
  dinov2|derm-varied-K20-2   0.05    0.1306    0.1963     0.2661   -0.0698
  dinov2|derm-varied-K20-2   0.05    0.1225    0.1296     0.2529   -0.1233
  dinov2|derm-varied-K20-2   0.05    0.0976    0.1371     0.2119   -0.0748
  dinov2|derm-varied-K20-2   0.05    0.0281    0.0197     0.0975   -0.0778
  dinov2|derm-varied-K20-2   0.10    0.1209    0.0931     0.2414   -0.1483
  dinov2|derm-varied-K20-2   0.10    0.2771    0.3994     0.4982   -0.0988
  dinov2|derm-varied-K20-2   0.10    0.2966    0.4563     0.5302   -0.0739
  dinov2|derm-varied-K20-2   0.10    0.2771    0.4316     0.4982   -0.0666
  dinov2|derm-varied-K20-2   0.10    0.1922    0.2348     0.3585   -0.1237
  dinov2|derm-varied-K20-2   0.10    0.2243    0.3298     0.4114   -0.0816
  dinov2|derm-varied-K20-2   0.10    0.1629    0.2352     0.3104   -0.0752
  dinov2|derm-varied-K20-2   0.10    0.1580    0.1859     0.3023   -0.1165
  dinov2|derm-varied-K20-2   0.10    0.1306    0.1782     0.2573   -0.0790
  dinov2|derm-varied-K20-2   0.10    0.1225    0.1157     0.2441   -0.1284
  dinov2|derm-varied-K20-2   0.10    0.0976    0.0763     0.2031   -0.1268
  dinov2|derm-varied-K20-2   0.10    0.0281    0.0167     0.0887   -0.0720
  dinov2|derm-varied-K20-2   0.20    0.1209    0.0796     0.2238   -0.1442
  dinov2|derm-varied-K20-2   0.20    0.2771    0.3697     0.4805   -0.1109
  dinov2|derm-varied-K20-2   0.20    0.2966    0.3838     0.5126   -0.1288
  dinov2|derm-varied-K20-2   0.20    0.2771    0.3937     0.4805   -0.0868
  dinov2|derm-varied-K20-2   0.20    0.1922    0.1811     0.3409   -0.1598
  dinov2|derm-varied-K20-2   0.20    0.2243    0.2681     0.3938   -0.1257
  dinov2|derm-varied-K20-2   0.20    0.1629    0.1587     0.2927   -0.1340
  dinov2|derm-varied-K20-2   0.20    0.1580    0.1594     0.2847   -0.1253
  dinov2|derm-varied-K20-2   0.20    0.1306    0.1505     0.2396   -0.0891
  dinov2|derm-varied-K20-2   0.20    0.1225    0.1143     0.2264   -0.1121
  dinov2|derm-varied-K20-2   0.20    0.0976    0.0477     0.1854   -0.1377
  dinov2|derm-varied-K20-2   0.20    0.0281    0.0077     0.0711   -0.0633
  dinov2|derm-varied-K20-2   0.40    0.1209    0.0760     0.1884   -0.1125
  dinov2|derm-varied-K20-2   0.40    0.2771    0.2894     0.4452   -0.1558
  dinov2|derm-varied-K20-2   0.40    0.2966    0.2571     0.4773   -0.2201
  dinov2|derm-varied-K20-2   0.40    0.2771    0.2803     0.4452   -0.1649
  dinov2|derm-varied-K20-2   0.40    0.1922    0.1289     0.3056   -0.1767
  dinov2|derm-varied-K20-2   0.40    0.2243    0.2346     0.3585   -0.1239
  dinov2|derm-varied-K20-2   0.40    0.1629    0.1152     0.2574   -0.1422
  dinov2|derm-varied-K20-2   0.40    0.1580    0.1432     0.2494   -0.1062
  dinov2|derm-varied-K20-2   0.40    0.1306    0.0885     0.2043   -0.1158
  dinov2|derm-varied-K20-2   0.40    0.1225    0.1083     0.1911   -0.0828
  dinov2|derm-varied-K20-2   0.40    0.0976    0.0269     0.1501   -0.1232
  dinov2|derm-varied-K20-2   0.40    0.0281    0.0030     0.0358   -0.0328
  dinov2|derm-varied-K20-2   0.60    0.1209    0.0443     0.1531   -0.1089
  dinov2|derm-varied-K20-2   0.60    0.2771    0.1708     0.4099   -0.2391
  dinov2|derm-varied-K20-2   0.60    0.2966    0.1855     0.4420   -0.2564
  dinov2|derm-varied-K20-2   0.60    0.2771    0.1817     0.4099   -0.2282
  dinov2|derm-varied-K20-2   0.60    0.1922    0.0806     0.2702   -0.1896
  dinov2|derm-varied-K20-2   0.60    0.2243    0.2172     0.3232   -0.1060
  dinov2|derm-varied-K20-2   0.60    0.1629    0.0709     0.2221   -0.1512
  dinov2|derm-varied-K20-2   0.60    0.1580    0.0879     0.2141   -0.1261
  dinov2|derm-varied-K20-2   0.60    0.1306    0.0674     0.1690   -0.1016
  dinov2|derm-varied-K20-2   0.60    0.1225    0.0246     0.1558   -0.1312
  dinov2|derm-varied-K20-2   0.60    0.0976    0.0176     0.1148   -0.0972
  dinov2|derm-varied-K20-2   0.60    0.0281    0.0000     0.0004   -0.0004
  dinov2|derm-varied-K20-3   0.05    0.1259    0.0547     0.2584   -0.2037
  dinov2|derm-varied-K20-3   0.05    0.2411    0.4683     0.4478   +0.0205
  dinov2|derm-varied-K20-3   0.05    0.1781    0.2332     0.3442   -0.1109
  dinov2|derm-varied-K20-3   0.05    0.1211    0.1394     0.2505   -0.1110
  dinov2|derm-varied-K20-3   0.05    0.1783    0.2488     0.3446   -0.0958
  dinov2|derm-varied-K20-3   0.05    0.1681    0.2224     0.3278   -0.1055
  dinov2|derm-varied-K20-3   0.05    0.1636    0.2165     0.3204   -0.1039
  dinov2|derm-varied-K20-3   0.05    0.0850    0.0752     0.1912   -0.1160
  dinov2|derm-varied-K20-3   0.05    0.1125    0.0743     0.2364   -0.1620
  dinov2|derm-varied-K20-3   0.05    0.0263    0.0475     0.0947   -0.0472
  dinov2|derm-varied-K20-3   0.05    0.0795    0.1371     0.1821   -0.0450
  dinov2|derm-varied-K20-3   0.05    0.1244    0.0462     0.2559   -0.2097
  dinov2|derm-varied-K20-3   0.10    0.1259    0.0534     0.2496   -0.1962
  dinov2|derm-varied-K20-3   0.10    0.2411    0.3818     0.4389   -0.0572
  dinov2|derm-varied-K20-3   0.10    0.1781    0.2336     0.3354   -0.1017
  dinov2|derm-varied-K20-3   0.10    0.1211    0.1394     0.2416   -0.1022
  dinov2|derm-varied-K20-3   0.10    0.1783    0.2595     0.3357   -0.0762
  dinov2|derm-varied-K20-3   0.10    0.1681    0.2216     0.3190   -0.0974
  dinov2|derm-varied-K20-3   0.10    0.1636    0.1993     0.3116   -0.1123
  dinov2|derm-varied-K20-3   0.10    0.0850    0.0675     0.1823   -0.1149
  dinov2|derm-varied-K20-3   0.10    0.1125    0.0743     0.2276   -0.1532
  dinov2|derm-varied-K20-3   0.10    0.0263    0.0475     0.0859   -0.0383
  dinov2|derm-varied-K20-3   0.10    0.0795    0.1127     0.1732   -0.0605
  dinov2|derm-varied-K20-3   0.10    0.1244    0.0397     0.2471   -0.2074
  dinov2|derm-varied-K20-3   0.20    0.1259    0.0412     0.2319   -0.1907
  dinov2|derm-varied-K20-3   0.20    0.2411    0.3125     0.4213   -0.1088
  dinov2|derm-varied-K20-3   0.20    0.1781    0.1826     0.3177   -0.1351
  dinov2|derm-varied-K20-3   0.20    0.1211    0.1001     0.2240   -0.1239
  dinov2|derm-varied-K20-3   0.20    0.1783    0.1736     0.3181   -0.1445
  dinov2|derm-varied-K20-3   0.20    0.1681    0.1689     0.3013   -0.1324
  dinov2|derm-varied-K20-3   0.20    0.1636    0.1674     0.2939   -0.1266
  dinov2|derm-varied-K20-3   0.20    0.0850    0.0634     0.1647   -0.1013
  dinov2|derm-varied-K20-3   0.20    0.1125    0.0445     0.2099   -0.1654
  dinov2|derm-varied-K20-3   0.20    0.0263    0.0208     0.0682   -0.0474
  dinov2|derm-varied-K20-3   0.20    0.0795    0.1041     0.1556   -0.0515
  dinov2|derm-varied-K20-3   0.20    0.1244    0.0394     0.2295   -0.1901
  dinov2|derm-varied-K20-3   0.40    0.1259    0.0322     0.1966   -0.1644
  dinov2|derm-varied-K20-3   0.40    0.2411    0.2184     0.3860   -0.1676
  dinov2|derm-varied-K20-3   0.40    0.1781    0.0964     0.2824   -0.1860
  dinov2|derm-varied-K20-3   0.40    0.1211    0.0376     0.1887   -0.1510
  dinov2|derm-varied-K20-3   0.40    0.1783    0.1018     0.2828   -0.1810
  dinov2|derm-varied-K20-3   0.40    0.1681    0.0990     0.2660   -0.1670
  dinov2|derm-varied-K20-3   0.40    0.1636    0.0986     0.2586   -0.1600
  dinov2|derm-varied-K20-3   0.40    0.0850    0.0413     0.1294   -0.0881
  dinov2|derm-varied-K20-3   0.40    0.1125    0.0383     0.1746   -0.1363
  dinov2|derm-varied-K20-3   0.40    0.0263    0.0181     0.0329   -0.0148
  dinov2|derm-varied-K20-3   0.40    0.0795    0.0933     0.1203   -0.0270
  dinov2|derm-varied-K20-3   0.40    0.1244    0.0272     0.1941   -0.1670
  dinov2|derm-varied-K20-3   0.60    0.1259    0.0087     0.1613   -0.1526
  dinov2|derm-varied-K20-3   0.60    0.2411    0.1383     0.3507   -0.2123
  dinov2|derm-varied-K20-3   0.60    0.1781    0.0420     0.2471   -0.2051
  dinov2|derm-varied-K20-3   0.60    0.1211    0.0195     0.1533   -0.1339
  dinov2|derm-varied-K20-3   0.60    0.1783    0.0481     0.2475   -0.1994
  dinov2|derm-varied-K20-3   0.60    0.1681    0.0320     0.2307   -0.1988
  dinov2|derm-varied-K20-3   0.60    0.1636    0.0239     0.2233   -0.1994
  dinov2|derm-varied-K20-3   0.60    0.0850    0.0068     0.0941   -0.0873
  dinov2|derm-varied-K20-3   0.60    0.1125    0.0344     0.1393   -0.1048
  dinov2|derm-varied-K20-3   0.60    0.0263    0.0000    -0.0024   +0.0024
  dinov2|derm-varied-K20-3   0.60    0.0795    0.0489     0.0849   -0.0361
  dinov2|derm-varied-K20-3   0.60    0.1244    0.0171     0.1588   -0.1418
  dinov2|derm-varied-K30-0   0.05    0.0680    0.0945     0.1631   -0.0686
  dinov2|derm-varied-K30-0   0.05    0.1862    0.3353     0.3576   -0.0223
  dinov2|derm-varied-K30-0   0.05    0.1610    0.2990     0.3161   -0.0171
  dinov2|derm-varied-K30-0   0.05    0.1390    0.1583     0.2799   -0.1216
  dinov2|derm-varied-K30-0   0.05    0.1811    0.3341     0.3493   -0.0151
  dinov2|derm-varied-K30-0   0.05    0.1788    0.3098     0.3455   -0.0356
  dinov2|derm-varied-K30-0   0.05    0.1009    0.1994     0.2173   -0.0179
  dinov2|derm-varied-K30-0   0.05    0.1192    0.1995     0.2473   -0.0478
  dinov2|derm-varied-K30-0   0.05    0.0971    0.1651     0.2111   -0.0460
  dinov2|derm-varied-K30-0   0.05    0.1778    0.3115     0.3438   -0.0323
  dinov2|derm-varied-K30-0   0.05    0.0621    0.0706     0.1534   -0.0828
  dinov2|derm-varied-K30-0   0.05    0.0204    0.0015     0.0849   -0.0834
  dinov2|derm-varied-K30-0   0.10    0.0680    0.0887     0.1543   -0.0656
  dinov2|derm-varied-K30-0   0.10    0.1862    0.2355     0.3488   -0.1133
  dinov2|derm-varied-K30-0   0.10    0.1610    0.3092     0.3072   +0.0020
  dinov2|derm-varied-K30-0   0.10    0.1390    0.1681     0.2711   -0.1030
  dinov2|derm-varied-K30-0   0.10    0.1811    0.3308     0.3404   -0.0096
  dinov2|derm-varied-K30-0   0.10    0.1788    0.2856     0.3366   -0.0510
  dinov2|derm-varied-K30-0   0.10    0.1009    0.1614     0.2085   -0.0471
  dinov2|derm-varied-K30-0   0.10    0.1192    0.1404     0.2385   -0.0981
  dinov2|derm-varied-K30-0   0.10    0.0971    0.1578     0.2023   -0.0445
  dinov2|derm-varied-K30-0   0.10    0.1778    0.2083     0.3350   -0.1266
  dinov2|derm-varied-K30-0   0.10    0.0621    0.0565     0.1446   -0.0881
  dinov2|derm-varied-K30-0   0.10    0.0204    0.0000     0.0761   -0.0761
  dinov2|derm-varied-K30-0   0.20    0.0680    0.0585     0.1366   -0.0782
  dinov2|derm-varied-K30-0   0.20    0.1862    0.2330     0.3311   -0.0981
  dinov2|derm-varied-K30-0   0.20    0.1610    0.2188     0.2896   -0.0707
  dinov2|derm-varied-K30-0   0.20    0.1390    0.1495     0.2534   -0.1040
  dinov2|derm-varied-K30-0   0.20    0.1811    0.2726     0.3228   -0.0502
  dinov2|derm-varied-K30-0   0.20    0.1788    0.1665     0.3190   -0.1524
  dinov2|derm-varied-K30-0   0.20    0.1009    0.1509     0.1908   -0.0399
  dinov2|derm-varied-K30-0   0.20    0.1192    0.1469     0.2209   -0.0739
  dinov2|derm-varied-K30-0   0.20    0.0971    0.1530     0.1846   -0.0317
  dinov2|derm-varied-K30-0   0.20    0.1778    0.1499     0.3173   -0.1674
  dinov2|derm-varied-K30-0   0.20    0.0621    0.0365     0.1269   -0.0904
  dinov2|derm-varied-K30-0   0.20    0.0204    0.0000     0.0584   -0.0584
  dinov2|derm-varied-K30-0   0.40    0.0680    0.0359     0.1013   -0.0655
  dinov2|derm-varied-K30-0   0.40    0.1862    0.0905     0.2958   -0.2053
  dinov2|derm-varied-K30-0   0.40    0.1610    0.1609     0.2543   -0.0934
  dinov2|derm-varied-K30-0   0.40    0.1390    0.0888     0.2181   -0.1293
  dinov2|derm-varied-K30-0   0.40    0.1811    0.1810     0.2875   -0.1064
  dinov2|derm-varied-K30-0   0.40    0.1788    0.1122     0.2837   -0.1715
  dinov2|derm-varied-K30-0   0.40    0.1009    0.1312     0.1555   -0.0243
  dinov2|derm-varied-K30-0   0.40    0.1192    0.1145     0.1855   -0.0711
  dinov2|derm-varied-K30-0   0.40    0.0971    0.1368     0.1493   -0.0126
  dinov2|derm-varied-K30-0   0.40    0.1778    0.1011     0.2820   -0.1809
  dinov2|derm-varied-K30-0   0.40    0.0621    0.0171     0.0916   -0.0745
  dinov2|derm-varied-K30-0   0.40    0.0204    0.0000     0.0231   -0.0231
  dinov2|derm-varied-K30-0   0.60    0.0680    0.0359     0.0660   -0.0302
  dinov2|derm-varied-K30-0   0.60    0.1862    0.0722     0.2605   -0.1883
  dinov2|derm-varied-K30-0   0.60    0.1610    0.0716     0.2190   -0.1473
  dinov2|derm-varied-K30-0   0.60    0.1390    0.0693     0.1828   -0.1135
  dinov2|derm-varied-K30-0   0.60    0.1811    0.0840     0.2521   -0.1682
  dinov2|derm-varied-K30-0   0.60    0.1788    0.0834     0.2484   -0.1650
  dinov2|derm-varied-K30-0   0.60    0.1009    0.0992     0.1202   -0.0210
  dinov2|derm-varied-K30-0   0.60    0.1192    0.0769     0.1502   -0.0733
  dinov2|derm-varied-K30-0   0.60    0.0971    0.1036     0.1140   -0.0104
  dinov2|derm-varied-K30-0   0.60    0.1778    0.0757     0.2467   -0.1710
  dinov2|derm-varied-K30-0   0.60    0.0621    0.0006     0.0563   -0.0557
  dinov2|derm-varied-K30-0   0.60    0.0204    0.0000    -0.0122   +0.0122
  dinov2|derm-varied-K30-1   0.05    0.0860    0.1480     0.1927   -0.0447
  dinov2|derm-varied-K30-1   0.05    0.1808    0.3559     0.3486   +0.0073
  dinov2|derm-varied-K30-1   0.05    0.0983    0.1558     0.2130   -0.0572
  dinov2|derm-varied-K30-1   0.05    0.0986    0.1684     0.2136   -0.0452
  dinov2|derm-varied-K30-1   0.05    0.1380    0.1964     0.2783   -0.0819
  dinov2|derm-varied-K30-1   0.05    0.1324    0.2121     0.2691   -0.0570
  dinov2|derm-varied-K30-1   0.05    0.0912    0.1627     0.2014   -0.0387
  dinov2|derm-varied-K30-1   0.05    0.0708    0.1403     0.1678   -0.0275
  dinov2|derm-varied-K30-1   0.05    0.0902    0.1626     0.1997   -0.0371
  dinov2|derm-varied-K30-1   0.05    0.1151    0.0768     0.2406   -0.1638
  dinov2|derm-varied-K30-1   0.05    0.0670    0.0342     0.1615   -0.1273
  dinov2|derm-varied-K30-1   0.05    0.0495    0.0412     0.1328   -0.0916
  dinov2|derm-varied-K30-1   0.10    0.0860    0.1179     0.1839   -0.0661
  dinov2|derm-varied-K30-1   0.10    0.1808    0.1777     0.3398   -0.1621
  dinov2|derm-varied-K30-1   0.10    0.0983    0.1470     0.2042   -0.0572
  dinov2|derm-varied-K30-1   0.10    0.0986    0.1463     0.2047   -0.0585
  dinov2|derm-varied-K30-1   0.10    0.1380    0.1520     0.2695   -0.1175
  dinov2|derm-varied-K30-1   0.10    0.1324    0.1056     0.2603   -0.1546
  dinov2|derm-varied-K30-1   0.10    0.0912    0.1177     0.1925   -0.0748
  dinov2|derm-varied-K30-1   0.10    0.0708    0.1219     0.1590   -0.0371
  dinov2|derm-varied-K30-1   0.10    0.0902    0.1278     0.1909   -0.0631
  dinov2|derm-varied-K30-1   0.10    0.1151    0.0775     0.2317   -0.1542
  dinov2|derm-varied-K30-1   0.10    0.0670    0.0255     0.1527   -0.1272
  dinov2|derm-varied-K30-1   0.10    0.0495    0.0250     0.1240   -0.0990
  dinov2|derm-varied-K30-1   0.20    0.0860    0.0404     0.1663   -0.1258
  dinov2|derm-varied-K30-1   0.20    0.1808    0.1407     0.3221   -0.1814
  dinov2|derm-varied-K30-1   0.20    0.0983    0.0833     0.1866   -0.1033
  dinov2|derm-varied-K30-1   0.20    0.0986    0.1003     0.1871   -0.0868
  dinov2|derm-varied-K30-1   0.20    0.1380    0.1202     0.2518   -0.1316
  dinov2|derm-varied-K30-1   0.20    0.1324    0.0821     0.2426   -0.1605
  dinov2|derm-varied-K30-1   0.20    0.0912    0.0972     0.1749   -0.0777
  dinov2|derm-varied-K30-1   0.20    0.0708    0.0789     0.1413   -0.0624
  dinov2|derm-varied-K30-1   0.20    0.0902    0.0951     0.1733   -0.0782
  dinov2|derm-varied-K30-1   0.20    0.1151    0.0635     0.2141   -0.1505
  dinov2|derm-varied-K30-1   0.20    0.0670    0.0046     0.1350   -0.1305
  dinov2|derm-varied-K30-1   0.20    0.0495    0.0236     0.1063   -0.0827
  dinov2|derm-varied-K30-1   0.40    0.0860    0.0113     0.1310   -0.1197
  dinov2|derm-varied-K30-1   0.40    0.1808    0.0632     0.2868   -0.2236
  dinov2|derm-varied-K30-1   0.40    0.0983    0.0181     0.1512   -0.1331
  dinov2|derm-varied-K30-1   0.40    0.0986    0.0686     0.1518   -0.0832
  dinov2|derm-varied-K30-1   0.40    0.1380    0.0553     0.2165   -0.1612
  dinov2|derm-varied-K30-1   0.40    0.1324    0.0478     0.2073   -0.1595
  dinov2|derm-varied-K30-1   0.40    0.0912    0.0655     0.1396   -0.0740
  dinov2|derm-varied-K30-1   0.40    0.0708    0.0701     0.1060   -0.0360
  dinov2|derm-varied-K30-1   0.40    0.0902    0.0716     0.1379   -0.0664
  dinov2|derm-varied-K30-1   0.40    0.1151    0.0365     0.1788   -0.1423
  dinov2|derm-varied-K30-1   0.40    0.0670    0.0000     0.0997   -0.0997
  dinov2|derm-varied-K30-1   0.40    0.0495    0.0167     0.0710   -0.0543
  dinov2|derm-varied-K30-1   0.60    0.0860    0.0113     0.0956   -0.0844
  dinov2|derm-varied-K30-1   0.60    0.1808    0.0468     0.2515   -0.2047
  dinov2|derm-varied-K30-1   0.60    0.0983    0.0159     0.1159   -0.1001
  dinov2|derm-varied-K30-1   0.60    0.0986    0.0439     0.1165   -0.0726
  dinov2|derm-varied-K30-1   0.60    0.1380    0.0284     0.1812   -0.1529
  dinov2|derm-varied-K30-1   0.60    0.1324    0.0353     0.1720   -0.1366
  dinov2|derm-varied-K30-1   0.60    0.0912    0.0390     0.1043   -0.0652
  dinov2|derm-varied-K30-1   0.60    0.0708    0.0379     0.0707   -0.0328
  dinov2|derm-varied-K30-1   0.60    0.0902    0.0578     0.1026   -0.0449
  dinov2|derm-varied-K30-1   0.60    0.1151    0.0163     0.1435   -0.1271
  dinov2|derm-varied-K30-1   0.60    0.0670    0.0000     0.0644   -0.0644
  dinov2|derm-varied-K30-1   0.60    0.0495    0.0133     0.0357   -0.0224
  dinov2|derm-varied-K30-2   0.05    0.0878    0.1701     0.1958   -0.0257
  dinov2|derm-varied-K30-2   0.05    0.1597    0.3166     0.3140   +0.0027
  dinov2|derm-varied-K30-2   0.05    0.1817    0.3060     0.3502   -0.0442
  dinov2|derm-varied-K30-2   0.05    0.1671    0.3230     0.3262   -0.0033
  dinov2|derm-varied-K30-2   0.05    0.1810    0.3318     0.3490   -0.0172
  dinov2|derm-varied-K30-2   0.05    0.1347    0.2060     0.2729   -0.0669
  dinov2|derm-varied-K30-2   0.05    0.1387    0.2121     0.2795   -0.0674
  dinov2|derm-varied-K30-2   0.05    0.1134    0.2024     0.2379   -0.0355
  dinov2|derm-varied-K30-2   0.05    0.1025    0.2144     0.2200   -0.0056
  dinov2|derm-varied-K30-2   0.05    0.0822    0.0726     0.1865   -0.1139
  dinov2|derm-varied-K30-2   0.05    0.0628    0.0599     0.1547   -0.0948
  dinov2|derm-varied-K30-2   0.05    0.1135    0.2295     0.2380   -0.0085
  dinov2|derm-varied-K30-2   0.10    0.0878    0.1437     0.1870   -0.0433
  dinov2|derm-varied-K30-2   0.10    0.1597    0.1789     0.3051   -0.1262
  dinov2|derm-varied-K30-2   0.10    0.1817    0.2292     0.3414   -0.1122
  dinov2|derm-varied-K30-2   0.10    0.1671    0.2582     0.3174   -0.0592
  dinov2|derm-varied-K30-2   0.10    0.1810    0.2162     0.3401   -0.1239
  dinov2|derm-varied-K30-2   0.10    0.1347    0.1466     0.2640   -0.1174
  dinov2|derm-varied-K30-2   0.10    0.1387    0.1844     0.2706   -0.0862
  dinov2|derm-varied-K30-2   0.10    0.1134    0.1800     0.2291   -0.0490
  dinov2|derm-varied-K30-2   0.10    0.1025    0.1762     0.2112   -0.0350
  dinov2|derm-varied-K30-2   0.10    0.0822    0.0392     0.1776   -0.1384
  dinov2|derm-varied-K30-2   0.10    0.0628    0.0360     0.1459   -0.1099
  dinov2|derm-varied-K30-2   0.10    0.1135    0.2205     0.2291   -0.0086
  dinov2|derm-varied-K30-2   0.20    0.0878    0.0896     0.1693   -0.0797
  dinov2|derm-varied-K30-2   0.20    0.1597    0.1122     0.2875   -0.1753
  dinov2|derm-varied-K30-2   0.20    0.1817    0.1691     0.3237   -0.1547
  dinov2|derm-varied-K30-2   0.20    0.1671    0.2288     0.2997   -0.0709
  dinov2|derm-varied-K30-2   0.20    0.1810    0.1553     0.3225   -0.1672
  dinov2|derm-varied-K30-2   0.20    0.1347    0.1364     0.2464   -0.1099
  dinov2|derm-varied-K30-2   0.20    0.1387    0.1276     0.2530   -0.1254
  dinov2|derm-varied-K30-2   0.20    0.1134    0.1587     0.2114   -0.0527
  dinov2|derm-varied-K30-2   0.20    0.1025    0.1133     0.1935   -0.0802
  dinov2|derm-varied-K30-2   0.20    0.0822    0.0169     0.1600   -0.1431
  dinov2|derm-varied-K30-2   0.20    0.0628    0.0251     0.1282   -0.1031
  dinov2|derm-varied-K30-2   0.20    0.1135    0.1808     0.2115   -0.0307
  dinov2|derm-varied-K30-2   0.40    0.0878    0.0557     0.1340   -0.0783
  dinov2|derm-varied-K30-2   0.40    0.1597    0.0276     0.2522   -0.2246
  dinov2|derm-varied-K30-2   0.40    0.1817    0.0482     0.2884   -0.2403
  dinov2|derm-varied-K30-2   0.40    0.1671    0.1593     0.2644   -0.1051
  dinov2|derm-varied-K30-2   0.40    0.1810    0.0841     0.2872   -0.2030
  dinov2|derm-varied-K30-2   0.40    0.1347    0.0764     0.2111   -0.1346
  dinov2|derm-varied-K30-2   0.40    0.1387    0.0849     0.2177   -0.1327
  dinov2|derm-varied-K30-2   0.40    0.1134    0.0635     0.1761   -0.1127
  dinov2|derm-varied-K30-2   0.40    0.1025    0.1006     0.1582   -0.0576
  dinov2|derm-varied-K30-2   0.40    0.0822    0.0124     0.1247   -0.1123
  dinov2|derm-varied-K30-2   0.40    0.0628    0.0135     0.0929   -0.0794
  dinov2|derm-varied-K30-2   0.40    0.1135    0.0999     0.1762   -0.0763
  dinov2|derm-varied-K30-2   0.60    0.0878    0.0273     0.0987   -0.0713
  dinov2|derm-varied-K30-2   0.60    0.1597    0.0082     0.2169   -0.2087
  dinov2|derm-varied-K30-2   0.60    0.1817    0.0146     0.2531   -0.2385
  dinov2|derm-varied-K30-2   0.60    0.1671    0.0885     0.2291   -0.1406
  dinov2|derm-varied-K30-2   0.60    0.1810    0.0335     0.2519   -0.2183
  dinov2|derm-varied-K30-2   0.60    0.1347    0.0571     0.1757   -0.1186
  dinov2|derm-varied-K30-2   0.60    0.1387    0.0646     0.1824   -0.1178
  dinov2|derm-varied-K30-2   0.60    0.1134    0.0570     0.1408   -0.0838
  dinov2|derm-varied-K30-2   0.60    0.1025    0.0673     0.1229   -0.0555
  dinov2|derm-varied-K30-2   0.60    0.0822    0.0011     0.0894   -0.0883
  dinov2|derm-varied-K30-2   0.60    0.0628    0.0108     0.0576   -0.0469
  dinov2|derm-varied-K30-2   0.60    0.1135    0.0565     0.1409   -0.0844
  dinov2|derm-varied-K30-3   0.05    0.0793    0.0483     0.1817   -0.1334
  dinov2|derm-varied-K30-3   0.05    0.2422    0.4308     0.4496   -0.0189
  dinov2|derm-varied-K30-3   0.05    0.2146    0.4142     0.4043   +0.0098
  dinov2|derm-varied-K30-3   0.05    0.2146    0.4004     0.4042   -0.0038
  dinov2|derm-varied-K30-3   0.05    0.1927    0.2306     0.3683   -0.1377
  dinov2|derm-varied-K30-3   0.05    0.1474    0.1933     0.2938   -0.1006
  dinov2|derm-varied-K30-3   0.05    0.1406    0.1483     0.2826   -0.1343
  dinov2|derm-varied-K30-3   0.05    0.1361    0.1803     0.2752   -0.0948
  dinov2|derm-varied-K30-3   0.05    0.0555    0.0829     0.1426   -0.0597
  dinov2|derm-varied-K30-3   0.05    0.2160    0.2905     0.4066   -0.1161
  dinov2|derm-varied-K30-3   0.05    0.0390    0.0030     0.1155   -0.1124
  dinov2|derm-varied-K30-3   0.05    0.0696    0.0126     0.1658   -0.1532
  dinov2|derm-varied-K30-3   0.10    0.0793    0.0533     0.1729   -0.1195
  dinov2|derm-varied-K30-3   0.10    0.2422    0.4241     0.4408   -0.0167
  dinov2|derm-varied-K30-3   0.10    0.2146    0.3823     0.3955   -0.0132
  dinov2|derm-varied-K30-3   0.10    0.2146    0.2687     0.3954   -0.1267
  dinov2|derm-varied-K30-3   0.10    0.1927    0.1897     0.3594   -0.1698
  dinov2|derm-varied-K30-3   0.10    0.1474    0.1774     0.2850   -0.1076
  dinov2|derm-varied-K30-3   0.10    0.1406    0.1289     0.2738   -0.1448
  dinov2|derm-varied-K30-3   0.10    0.1361    0.1264     0.2664   -0.1399
  dinov2|derm-varied-K30-3   0.10    0.0555    0.0595     0.1338   -0.0743
  dinov2|derm-varied-K30-3   0.10    0.2160    0.2207     0.3978   -0.1771
  dinov2|derm-varied-K30-3   0.10    0.0390    0.0019     0.1066   -0.1047
  dinov2|derm-varied-K30-3   0.10    0.0696    0.0090     0.1570   -0.1480
  dinov2|derm-varied-K30-3   0.20    0.0793    0.0520     0.1552   -0.1033
  dinov2|derm-varied-K30-3   0.20    0.2422    0.2224     0.4231   -0.2008
  dinov2|derm-varied-K30-3   0.20    0.2146    0.2592     0.3779   -0.1186
  dinov2|derm-varied-K30-3   0.20    0.2146    0.2408     0.3777   -0.1369
  dinov2|derm-varied-K30-3   0.20    0.1927    0.1638     0.3418   -0.1779
  dinov2|derm-varied-K30-3   0.20    0.1474    0.1237     0.2673   -0.1436
  dinov2|derm-varied-K30-3   0.20    0.1406    0.1102     0.2561   -0.1459
  dinov2|derm-varied-K30-3   0.20    0.1361    0.1170     0.2487   -0.1317
  dinov2|derm-varied-K30-3   0.20    0.0555    0.0384     0.1161   -0.0777
  dinov2|derm-varied-K30-3   0.20    0.2160    0.1829     0.3801   -0.1972
  dinov2|derm-varied-K30-3   0.20    0.0390    0.0005     0.0890   -0.0885
  dinov2|derm-varied-K30-3   0.20    0.0696    0.0115     0.1393   -0.1278
  dinov2|derm-varied-K30-3   0.40    0.0793    0.0504     0.1199   -0.0695
  dinov2|derm-varied-K30-3   0.40    0.2422    0.0924     0.3878   -0.2954
  dinov2|derm-varied-K30-3   0.40    0.2146    0.1861     0.3425   -0.1565
  dinov2|derm-varied-K30-3   0.40    0.2146    0.1810     0.3424   -0.1614
  dinov2|derm-varied-K30-3   0.40    0.1927    0.0897     0.3065   -0.2168
  dinov2|derm-varied-K30-3   0.40    0.1474    0.0295     0.2320   -0.2025
  dinov2|derm-varied-K30-3   0.40    0.1406    0.0563     0.2208   -0.1645
  dinov2|derm-varied-K30-3   0.40    0.1361    0.0489     0.2134   -0.1645
  dinov2|derm-varied-K30-3   0.40    0.0555    0.0174     0.0808   -0.0634
  dinov2|derm-varied-K30-3   0.40    0.2160    0.1442     0.3448   -0.2006
  dinov2|derm-varied-K30-3   0.40    0.0390    0.0061     0.0537   -0.0476
  dinov2|derm-varied-K30-3   0.40    0.0696    0.0024     0.1040   -0.1016
  dinov2|derm-varied-K30-3   0.60    0.0793    0.0275     0.0846   -0.0571
  dinov2|derm-varied-K30-3   0.60    0.2422    0.0590     0.3525   -0.2935
  dinov2|derm-varied-K30-3   0.60    0.2146    0.0948     0.3072   -0.2125
  dinov2|derm-varied-K30-3   0.60    0.2146    0.1608     0.3071   -0.1463
  dinov2|derm-varied-K30-3   0.60    0.1927    0.0778     0.2712   -0.1934
  dinov2|derm-varied-K30-3   0.60    0.1474    0.0251     0.1967   -0.1716
  dinov2|derm-varied-K30-3   0.60    0.1406    0.0445     0.1855   -0.1410
  dinov2|derm-varied-K30-3   0.60    0.1361    0.0347     0.1781   -0.1434
  dinov2|derm-varied-K30-3   0.60    0.0555    0.0081     0.0455   -0.0374
  dinov2|derm-varied-K30-3   0.60    0.2160    0.0441     0.3095   -0.2654
  dinov2|derm-varied-K30-3   0.60    0.0390    0.0038     0.0184   -0.0146
  dinov2|derm-varied-K30-3   0.60    0.0696    0.0000     0.0687   -0.0687
  kws-sem-crowded    0.05    0.0466    0.0674     0.1280   -0.0605
  kws-sem-crowded    0.10    0.0466    0.0443     0.1191   -0.0748
  kws-sem-crowded    0.20    0.0466    0.0309     0.1015   -0.0706
  kws-sem-crowded    0.40    0.0466    0.0083     0.0662   -0.0579
  kws-sem-crowded    0.60    0.0466    0.0000     0.0308   -0.0308
  kws-sem-varied     0.05    0.0000    0.0000     0.0514   -0.0514
  kws-sem-varied     0.10    0.0000    0.0000     0.0425   -0.0425
  kws-sem-varied     0.20    0.0000    0.0000     0.0249   -0.0249
  kws-sem-varied     0.40    0.0000    0.0000    -0.0104   +0.0104
  kws-sem-varied     0.60    0.0000    0.0000    -0.0457   +0.0457
  mobileclip2_s0|derm-crowded-K20-0   0.05    0.2561    0.3757     0.4726   -0.0969
  mobileclip2_s0|derm-crowded-K20-0   0.05    0.2289    0.3317     0.4277   -0.0961
  mobileclip2_s0|derm-crowded-K20-0   0.05    0.2299    0.3619     0.4294   -0.0675
  mobileclip2_s0|derm-crowded-K20-0   0.05    0.2532    0.4110     0.4677   -0.0567
  mobileclip2_s0|derm-crowded-K20-0   0.05    0.1893    0.1993     0.3626   -0.1633
  mobileclip2_s0|derm-crowded-K20-0   0.05    0.1867    0.1836     0.3583   -0.1747
  mobileclip2_s0|derm-crowded-K20-0   0.05    0.1875    0.2823     0.3597   -0.0774
  mobileclip2_s0|derm-crowded-K20-0   0.05    0.1057    0.0618     0.2252   -0.1634
  mobileclip2_s0|derm-crowded-K20-0   0.05    0.2701    0.3604     0.4956   -0.1351
  mobileclip2_s0|derm-crowded-K20-0   0.05    0.1075    0.0688     0.2282   -0.1594
  mobileclip2_s0|derm-crowded-K20-0   0.05    0.0311    0.0698     0.1026   -0.0328
  mobileclip2_s0|derm-crowded-K20-0   0.10    0.2561    0.3238     0.4637   -0.1399
  mobileclip2_s0|derm-crowded-K20-0   0.10    0.2289    0.3272     0.4189   -0.0917
  mobileclip2_s0|derm-crowded-K20-0   0.10    0.2299    0.3182     0.4205   -0.1023
  mobileclip2_s0|derm-crowded-K20-0   0.10    0.2532    0.3845     0.4589   -0.0744
  mobileclip2_s0|derm-crowded-K20-0   0.10    0.1893    0.1969     0.3538   -0.1568
  mobileclip2_s0|derm-crowded-K20-0   0.10    0.1867    0.1589     0.3495   -0.1906
  mobileclip2_s0|derm-crowded-K20-0   0.10    0.1875    0.2503     0.3509   -0.1006
  mobileclip2_s0|derm-crowded-K20-0   0.10    0.1057    0.0528     0.2163   -0.1635
  mobileclip2_s0|derm-crowded-K20-0   0.10    0.2701    0.2687     0.4867   -0.2181
  mobileclip2_s0|derm-crowded-K20-0   0.10    0.1075    0.0602     0.2194   -0.1591
  mobileclip2_s0|derm-crowded-K20-0   0.10    0.0311    0.0698     0.0938   -0.0240
  mobileclip2_s0|derm-crowded-K20-0   0.20    0.2561    0.2151     0.4461   -0.2310
  mobileclip2_s0|derm-crowded-K20-0   0.20    0.2289    0.2029     0.4012   -0.1983
  mobileclip2_s0|derm-crowded-K20-0   0.20    0.2299    0.2565     0.4029   -0.1464
  mobileclip2_s0|derm-crowded-K20-0   0.20    0.2532    0.1719     0.4412   -0.2693
  mobileclip2_s0|derm-crowded-K20-0   0.20    0.1893    0.1900     0.3361   -0.1461
  mobileclip2_s0|derm-crowded-K20-0   0.20    0.1867    0.1529     0.3318   -0.1789
  mobileclip2_s0|derm-crowded-K20-0   0.20    0.1875    0.1968     0.3332   -0.1365
  mobileclip2_s0|derm-crowded-K20-0   0.20    0.1057    0.0647     0.1987   -0.1339
  mobileclip2_s0|derm-crowded-K20-0   0.20    0.2701    0.2244     0.4691   -0.2447
  mobileclip2_s0|derm-crowded-K20-0   0.20    0.1075    0.0162     0.2017   -0.1855
  mobileclip2_s0|derm-crowded-K20-0   0.20    0.0311    0.0441     0.0761   -0.0320
  mobileclip2_s0|derm-crowded-K20-0   0.40    0.2561    0.0209     0.4108   -0.3898
  mobileclip2_s0|derm-crowded-K20-0   0.40    0.2289    0.0354     0.3659   -0.3306
  mobileclip2_s0|derm-crowded-K20-0   0.40    0.2299    0.0946     0.3676   -0.2730
  mobileclip2_s0|derm-crowded-K20-0   0.40    0.2532    0.1164     0.4059   -0.2895
  mobileclip2_s0|derm-crowded-K20-0   0.40    0.1893    0.0661     0.3008   -0.2347
  mobileclip2_s0|derm-crowded-K20-0   0.40    0.1867    0.1003     0.2965   -0.1963
  mobileclip2_s0|derm-crowded-K20-0   0.40    0.1875    0.1167     0.2979   -0.1812
  mobileclip2_s0|derm-crowded-K20-0   0.40    0.1057    0.0350     0.1634   -0.1283
  mobileclip2_s0|derm-crowded-K20-0   0.40    0.2701    0.1503     0.4338   -0.2835
  mobileclip2_s0|derm-crowded-K20-0   0.40    0.1075    0.0184     0.1664   -0.1479
  mobileclip2_s0|derm-crowded-K20-0   0.40    0.0311    0.0266     0.0408   -0.0142
  mobileclip2_s0|derm-crowded-K20-0   0.60    0.2561    0.0186     0.3755   -0.3569
  mobileclip2_s0|derm-crowded-K20-0   0.60    0.2289    0.0168     0.3306   -0.3138
  mobileclip2_s0|derm-crowded-K20-0   0.60    0.2299    0.0397     0.3323   -0.2925
  mobileclip2_s0|derm-crowded-K20-0   0.60    0.2532    0.0630     0.3706   -0.3076
  mobileclip2_s0|derm-crowded-K20-0   0.60    0.1893    0.0166     0.2655   -0.2489
  mobileclip2_s0|derm-crowded-K20-0   0.60    0.1867    0.0146     0.2612   -0.2466
  mobileclip2_s0|derm-crowded-K20-0   0.60    0.1875    0.0379     0.2626   -0.2247
  mobileclip2_s0|derm-crowded-K20-0   0.60    0.1057    0.0154     0.1281   -0.1127
  mobileclip2_s0|derm-crowded-K20-0   0.60    0.2701    0.0377     0.3984   -0.3607
  mobileclip2_s0|derm-crowded-K20-0   0.60    0.1075    0.0000     0.1311   -0.1311
  mobileclip2_s0|derm-crowded-K20-0   0.60    0.0311    0.0000     0.0055   -0.0055
  mobileclip2_s0|derm-crowded-K20-1   0.05    0.2021    0.2518     0.3836   -0.1318
  mobileclip2_s0|derm-crowded-K20-1   0.05    0.2712    0.4155     0.4974   -0.0819
  mobileclip2_s0|derm-crowded-K20-1   0.05    0.2849    0.4236     0.5199   -0.0963
  mobileclip2_s0|derm-crowded-K20-1   0.05    0.1762    0.1877     0.3411   -0.1535
  mobileclip2_s0|derm-crowded-K20-1   0.05    0.1813    0.2275     0.3496   -0.1220
  mobileclip2_s0|derm-crowded-K20-1   0.05    0.1529    0.1559     0.3028   -0.1470
  mobileclip2_s0|derm-crowded-K20-1   0.05    0.1554    0.1493     0.3070   -0.1577
  mobileclip2_s0|derm-crowded-K20-1   0.05    0.1148    0.0964     0.2401   -0.1437
  mobileclip2_s0|derm-crowded-K20-1   0.05    0.1758    0.2119     0.3405   -0.1286
  mobileclip2_s0|derm-crowded-K20-1   0.05    0.1091    0.0729     0.2307   -0.1578
  mobileclip2_s0|derm-crowded-K20-1   0.05    0.0370    0.0182     0.1123   -0.0941
  mobileclip2_s0|derm-crowded-K20-1   0.10    0.2021    0.2296     0.3748   -0.1452
  mobileclip2_s0|derm-crowded-K20-1   0.10    0.2712    0.3717     0.4886   -0.1168
  mobileclip2_s0|derm-crowded-K20-1   0.10    0.2849    0.3767     0.5111   -0.1344
  mobileclip2_s0|derm-crowded-K20-1   0.10    0.1762    0.1828     0.3323   -0.1495
  mobileclip2_s0|derm-crowded-K20-1   0.10    0.1813    0.2230     0.3407   -0.1177
  mobileclip2_s0|derm-crowded-K20-1   0.10    0.1529    0.1392     0.2940   -0.1548
  mobileclip2_s0|derm-crowded-K20-1   0.10    0.1554    0.1310     0.2981   -0.1672
  mobileclip2_s0|derm-crowded-K20-1   0.10    0.1148    0.0948     0.2313   -0.1365
  mobileclip2_s0|derm-crowded-K20-1   0.10    0.1758    0.1868     0.3317   -0.1449
  mobileclip2_s0|derm-crowded-K20-1   0.10    0.1091    0.0729     0.2219   -0.1490
  mobileclip2_s0|derm-crowded-K20-1   0.10    0.0370    0.0165     0.1034   -0.0869
  mobileclip2_s0|derm-crowded-K20-1   0.20    0.2021    0.1185     0.3571   -0.2386
  mobileclip2_s0|derm-crowded-K20-1   0.20    0.2712    0.2376     0.4709   -0.2333
  mobileclip2_s0|derm-crowded-K20-1   0.20    0.2849    0.2436     0.4934   -0.2499
  mobileclip2_s0|derm-crowded-K20-1   0.20    0.1762    0.1471     0.3146   -0.1675
  mobileclip2_s0|derm-crowded-K20-1   0.20    0.1813    0.1749     0.3231   -0.1482
  mobileclip2_s0|derm-crowded-K20-1   0.20    0.1529    0.1258     0.2764   -0.1506
  mobileclip2_s0|derm-crowded-K20-1   0.20    0.1554    0.0854     0.2805   -0.1951
  mobileclip2_s0|derm-crowded-K20-1   0.20    0.1148    0.0739     0.2137   -0.1398
  mobileclip2_s0|derm-crowded-K20-1   0.20    0.1758    0.1123     0.3140   -0.2017
  mobileclip2_s0|derm-crowded-K20-1   0.20    0.1091    0.0717     0.2042   -0.1325
  mobileclip2_s0|derm-crowded-K20-1   0.20    0.0370    0.0151     0.0858   -0.0707
  mobileclip2_s0|derm-crowded-K20-1   0.40    0.2021    0.0511     0.3218   -0.2707
  mobileclip2_s0|derm-crowded-K20-1   0.40    0.2712    0.1562     0.4356   -0.2795
  mobileclip2_s0|derm-crowded-K20-1   0.40    0.2849    0.1263     0.4581   -0.3318
  mobileclip2_s0|derm-crowded-K20-1   0.40    0.1762    0.0543     0.2793   -0.2250
  mobileclip2_s0|derm-crowded-K20-1   0.40    0.1813    0.1216     0.2878   -0.1662
  mobileclip2_s0|derm-crowded-K20-1   0.40    0.1529    0.0666     0.2410   -0.1745
  mobileclip2_s0|derm-crowded-K20-1   0.40    0.1554    0.0815     0.2452   -0.1637
  mobileclip2_s0|derm-crowded-K20-1   0.40    0.1148    0.0339     0.1783   -0.1445
  mobileclip2_s0|derm-crowded-K20-1   0.40    0.1758    0.0297     0.2787   -0.2490
  mobileclip2_s0|derm-crowded-K20-1   0.40    0.1091    0.0217     0.1689   -0.1472
  mobileclip2_s0|derm-crowded-K20-1   0.40    0.0370    0.0065     0.0505   -0.0439
  mobileclip2_s0|derm-crowded-K20-1   0.60    0.2021    0.0174     0.2865   -0.2691
  mobileclip2_s0|derm-crowded-K20-1   0.60    0.2712    0.1341     0.4003   -0.2662
  mobileclip2_s0|derm-crowded-K20-1   0.60    0.2849    0.1089     0.4228   -0.3140
  mobileclip2_s0|derm-crowded-K20-1   0.60    0.1762    0.0352     0.2440   -0.2088
  mobileclip2_s0|derm-crowded-K20-1   0.60    0.1813    0.0623     0.2525   -0.1902
  mobileclip2_s0|derm-crowded-K20-1   0.60    0.1529    0.0587     0.2057   -0.1470
  mobileclip2_s0|derm-crowded-K20-1   0.60    0.1554    0.0513     0.2099   -0.1586
  mobileclip2_s0|derm-crowded-K20-1   0.60    0.1148    0.0160     0.1430   -0.1270
  mobileclip2_s0|derm-crowded-K20-1   0.60    0.1758    0.0052     0.2434   -0.2382
  mobileclip2_s0|derm-crowded-K20-1   0.60    0.1091    0.0121     0.1336   -0.1216
  mobileclip2_s0|derm-crowded-K20-1   0.60    0.0370    0.0033     0.0152   -0.0119
  mobileclip2_s0|derm-crowded-K20-2   0.05    0.2221    0.3612     0.4165   -0.0553
  mobileclip2_s0|derm-crowded-K20-2   0.05    0.1095    0.1708     0.2314   -0.0605
  mobileclip2_s0|derm-crowded-K20-2   0.05    0.1031    0.0154     0.2210   -0.2056
  mobileclip2_s0|derm-crowded-K20-2   0.05    0.1124    0.1265     0.2363   -0.1098
  mobileclip2_s0|derm-crowded-K20-2   0.05    0.0969    0.0271     0.2107   -0.1835
  mobileclip2_s0|derm-crowded-K20-2   0.05    0.0746    0.0092     0.1741   -0.1648
  mobileclip2_s0|derm-crowded-K20-2   0.05    0.1034    0.1262     0.2214   -0.0952
  mobileclip2_s0|derm-crowded-K20-2   0.05    0.0415    0.0126     0.1196   -0.1071
  mobileclip2_s0|derm-crowded-K20-2   0.05    0.1150    0.1213     0.2406   -0.1193
  mobileclip2_s0|derm-crowded-K20-2   0.05    0.0367    0.0114     0.1117   -0.1003
  mobileclip2_s0|derm-crowded-K20-2   0.05    0.0917    0.0263     0.2022   -0.1759
  mobileclip2_s0|derm-crowded-K20-2   0.10    0.2221    0.3187     0.4077   -0.0891
  mobileclip2_s0|derm-crowded-K20-2   0.10    0.1095    0.1197     0.2226   -0.1028
  mobileclip2_s0|derm-crowded-K20-2   0.10    0.1031    0.0154     0.2122   -0.1967
  mobileclip2_s0|derm-crowded-K20-2   0.10    0.1124    0.1185     0.2274   -0.1090
  mobileclip2_s0|derm-crowded-K20-2   0.10    0.0969    0.0148     0.2018   -0.1870
  mobileclip2_s0|derm-crowded-K20-2   0.10    0.0746    0.0092     0.1652   -0.1560
  mobileclip2_s0|derm-crowded-K20-2   0.10    0.1034    0.1262     0.2126   -0.0864
  mobileclip2_s0|derm-crowded-K20-2   0.10    0.0415    0.0082     0.1108   -0.1026
  mobileclip2_s0|derm-crowded-K20-2   0.10    0.1150    0.0767     0.2317   -0.1551
  mobileclip2_s0|derm-crowded-K20-2   0.10    0.0367    0.0114     0.1029   -0.0914
  mobileclip2_s0|derm-crowded-K20-2   0.10    0.0917    0.0168     0.1934   -0.1766
  mobileclip2_s0|derm-crowded-K20-2   0.20    0.2221    0.2342     0.3901   -0.1558
  mobileclip2_s0|derm-crowded-K20-2   0.20    0.1095    0.1197     0.2049   -0.0852
  mobileclip2_s0|derm-crowded-K20-2   0.20    0.1031    0.0119     0.1945   -0.1826
  mobileclip2_s0|derm-crowded-K20-2   0.20    0.1124    0.0565     0.2098   -0.1532
  mobileclip2_s0|derm-crowded-K20-2   0.20    0.0969    0.0299     0.1842   -0.1543
  mobileclip2_s0|derm-crowded-K20-2   0.20    0.0746    0.0092     0.1476   -0.1383
  mobileclip2_s0|derm-crowded-K20-2   0.20    0.1034    0.0804     0.1949   -0.1146
  mobileclip2_s0|derm-crowded-K20-2   0.20    0.0415    0.0082     0.0931   -0.0850
  mobileclip2_s0|derm-crowded-K20-2   0.20    0.1150    0.0493     0.2141   -0.1647
  mobileclip2_s0|derm-crowded-K20-2   0.20    0.0367    0.0033     0.0852   -0.0819
  mobileclip2_s0|derm-crowded-K20-2   0.20    0.0917    0.0168     0.1757   -0.1589
  mobileclip2_s0|derm-crowded-K20-2   0.40    0.2221    0.1024     0.3548   -0.2523
  mobileclip2_s0|derm-crowded-K20-2   0.40    0.1095    0.0687     0.1696   -0.1009
  mobileclip2_s0|derm-crowded-K20-2   0.40    0.1031    0.0195     0.1592   -0.1397
  mobileclip2_s0|derm-crowded-K20-2   0.40    0.1124    0.0557     0.1745   -0.1188
  mobileclip2_s0|derm-crowded-K20-2   0.40    0.0969    0.0235     0.1489   -0.1254
  mobileclip2_s0|derm-crowded-K20-2   0.40    0.0746    0.0201     0.1123   -0.0922
  mobileclip2_s0|derm-crowded-K20-2   0.40    0.1034    0.0466     0.1596   -0.1130
  mobileclip2_s0|derm-crowded-K20-2   0.40    0.0415    0.0055     0.0578   -0.0523
  mobileclip2_s0|derm-crowded-K20-2   0.40    0.1150    0.0180     0.1788   -0.1608
  mobileclip2_s0|derm-crowded-K20-2   0.40    0.0367    0.0019     0.0499   -0.0480
  mobileclip2_s0|derm-crowded-K20-2   0.40    0.0917    0.0177     0.1404   -0.1227
  mobileclip2_s0|derm-crowded-K20-2   0.60    0.2221    0.0424     0.3194   -0.2771
  mobileclip2_s0|derm-crowded-K20-2   0.60    0.1095    0.0296     0.1343   -0.1046
  mobileclip2_s0|derm-crowded-K20-2   0.60    0.1031    0.0000     0.1239   -0.1239
  mobileclip2_s0|derm-crowded-K20-2   0.60    0.1124    0.0505     0.1392   -0.0887
  mobileclip2_s0|derm-crowded-K20-2   0.60    0.0969    0.0151     0.1135   -0.0985
  mobileclip2_s0|derm-crowded-K20-2   0.60    0.0746    0.0156     0.0769   -0.0613
  mobileclip2_s0|derm-crowded-K20-2   0.60    0.1034    0.0307     0.1243   -0.0936
  mobileclip2_s0|derm-crowded-K20-2   0.60    0.0415    0.0055     0.0225   -0.0170
  mobileclip2_s0|derm-crowded-K20-2   0.60    0.1150    0.0109     0.1435   -0.1325
  mobileclip2_s0|derm-crowded-K20-2   0.60    0.0367    0.0000     0.0146   -0.0146
  mobileclip2_s0|derm-crowded-K20-2   0.60    0.0917    0.0106     0.1051   -0.0946
  mobileclip2_s0|derm-crowded-K20-3   0.05    0.1646    0.1087     0.3221   -0.2134
  mobileclip2_s0|derm-crowded-K20-3   0.05    0.1282    0.1905     0.2621   -0.0716
  mobileclip2_s0|derm-crowded-K20-3   0.05    0.1749    0.3819     0.3390   +0.0429
  mobileclip2_s0|derm-crowded-K20-3   0.05    0.1727    0.3884     0.3354   +0.0530
  mobileclip2_s0|derm-crowded-K20-3   0.05    0.1835    0.4568     0.3532   +0.1037
  mobileclip2_s0|derm-crowded-K20-3   0.05    0.1205    0.1621     0.2496   -0.0875
  mobileclip2_s0|derm-crowded-K20-3   0.05    0.1551    0.3463     0.3065   +0.0398
  mobileclip2_s0|derm-crowded-K20-3   0.05    0.0426    0.0524     0.1214   -0.0690
  mobileclip2_s0|derm-crowded-K20-3   0.05    0.1021    0.1203     0.2192   -0.0989
  mobileclip2_s0|derm-crowded-K20-3   0.05    0.0754    0.0316     0.1753   -0.1437
  mobileclip2_s0|derm-crowded-K20-3   0.05    0.0548    0.0103     0.1415   -0.1311
  mobileclip2_s0|derm-crowded-K20-3   0.10    0.1646    0.1247     0.3133   -0.1886
  mobileclip2_s0|derm-crowded-K20-3   0.10    0.1282    0.1477     0.2533   -0.1056
  mobileclip2_s0|derm-crowded-K20-3   0.10    0.1749    0.3638     0.3302   +0.0336
  mobileclip2_s0|derm-crowded-K20-3   0.10    0.1727    0.3834     0.3266   +0.0568
  mobileclip2_s0|derm-crowded-K20-3   0.10    0.1835    0.4188     0.3443   +0.0745
  mobileclip2_s0|derm-crowded-K20-3   0.10    0.1205    0.1492     0.2408   -0.0916
  mobileclip2_s0|derm-crowded-K20-3   0.10    0.1551    0.3411     0.2976   +0.0435
  mobileclip2_s0|derm-crowded-K20-3   0.10    0.0426    0.0493     0.1126   -0.0633
  mobileclip2_s0|derm-crowded-K20-3   0.10    0.1021    0.1042     0.2104   -0.1061
  mobileclip2_s0|derm-crowded-K20-3   0.10    0.0754    0.0248     0.1665   -0.1417
  mobileclip2_s0|derm-crowded-K20-3   0.10    0.0548    0.0072     0.1326   -0.1254
  mobileclip2_s0|derm-crowded-K20-3   0.20    0.1646    0.0533     0.2956   -0.2423
  mobileclip2_s0|derm-crowded-K20-3   0.20    0.1282    0.1363     0.2356   -0.0994
  mobileclip2_s0|derm-crowded-K20-3   0.20    0.1749    0.3213     0.3125   +0.0087
  mobileclip2_s0|derm-crowded-K20-3   0.20    0.1727    0.3188     0.3089   +0.0099
  mobileclip2_s0|derm-crowded-K20-3   0.20    0.1835    0.3021     0.3267   -0.0246
  mobileclip2_s0|derm-crowded-K20-3   0.20    0.1205    0.1112     0.2231   -0.1120
  mobileclip2_s0|derm-crowded-K20-3   0.20    0.1551    0.2799     0.2800   -0.0000
  mobileclip2_s0|derm-crowded-K20-3   0.20    0.0426    0.0390     0.0950   -0.0560
  mobileclip2_s0|derm-crowded-K20-3   0.20    0.1021    0.0566     0.1927   -0.1361
  mobileclip2_s0|derm-crowded-K20-3   0.20    0.0754    0.0248     0.1488   -0.1240
  mobileclip2_s0|derm-crowded-K20-3   0.20    0.0548    0.0000     0.1150   -0.1150
  mobileclip2_s0|derm-crowded-K20-3   0.40    0.1646    0.0278     0.2603   -0.2325
  mobileclip2_s0|derm-crowded-K20-3   0.40    0.1282    0.0435     0.2003   -0.1568
  mobileclip2_s0|derm-crowded-K20-3   0.40    0.1749    0.0900     0.2772   -0.1872
  mobileclip2_s0|derm-crowded-K20-3   0.40    0.1727    0.1464     0.2736   -0.1272
  mobileclip2_s0|derm-crowded-K20-3   0.40    0.1835    0.1372     0.2914   -0.1541
  mobileclip2_s0|derm-crowded-K20-3   0.40    0.1205    0.0255     0.1878   -0.1623
  mobileclip2_s0|derm-crowded-K20-3   0.40    0.1551    0.1542     0.2447   -0.0904
  mobileclip2_s0|derm-crowded-K20-3   0.40    0.0426    0.0086     0.0596   -0.0510
  mobileclip2_s0|derm-crowded-K20-3   0.40    0.1021    0.0284     0.1574   -0.1290
  mobileclip2_s0|derm-crowded-K20-3   0.40    0.0754    0.0057     0.1135   -0.1078
  mobileclip2_s0|derm-crowded-K20-3   0.40    0.0548    0.0000     0.0797   -0.0797
  mobileclip2_s0|derm-crowded-K20-3   0.60    0.1646    0.0103     0.2250   -0.2147
  mobileclip2_s0|derm-crowded-K20-3   0.60    0.1282    0.0236     0.1650   -0.1414
  mobileclip2_s0|derm-crowded-K20-3   0.60    0.1749    0.0492     0.2419   -0.1927
  mobileclip2_s0|derm-crowded-K20-3   0.60    0.1727    0.0744     0.2383   -0.1639
  mobileclip2_s0|derm-crowded-K20-3   0.60    0.1835    0.0409     0.2560   -0.2151
  mobileclip2_s0|derm-crowded-K20-3   0.60    0.1205    0.0084     0.1525   -0.1441
  mobileclip2_s0|derm-crowded-K20-3   0.60    0.1551    0.0675     0.2093   -0.1419
  mobileclip2_s0|derm-crowded-K20-3   0.60    0.0426    0.0000     0.0243   -0.0243
  mobileclip2_s0|derm-crowded-K20-3   0.60    0.1021    0.0059     0.1221   -0.1162
  mobileclip2_s0|derm-crowded-K20-3   0.60    0.0754    0.0000     0.0782   -0.0782
  mobileclip2_s0|derm-crowded-K20-3   0.60    0.0548    0.0000     0.0444   -0.0444
  mobileclip2_s0|derm-crowded-K30-0   0.05    0.2776    0.3999     0.5078   -0.1079
  mobileclip2_s0|derm-crowded-K30-0   0.05    0.2655    0.4011     0.4879   -0.0869
  mobileclip2_s0|derm-crowded-K30-0   0.05    0.2194    0.2825     0.4121   -0.1297
  mobileclip2_s0|derm-crowded-K30-0   0.05    0.1382    0.1018     0.2787   -0.1769
  mobileclip2_s0|derm-crowded-K30-0   0.05    0.2136    0.3230     0.4026   -0.0796
  mobileclip2_s0|derm-crowded-K30-0   0.05    0.1273    0.1048     0.2608   -0.1559
  mobileclip2_s0|derm-crowded-K30-0   0.05    0.1274    0.1379     0.2609   -0.1230
  mobileclip2_s0|derm-crowded-K30-0   0.05    0.1271    0.1140     0.2604   -0.1464
  mobileclip2_s0|derm-crowded-K30-0   0.05    0.1253    0.1503     0.2574   -0.1071
  mobileclip2_s0|derm-crowded-K30-0   0.05    0.1216    0.0570     0.2514   -0.1943
  mobileclip2_s0|derm-crowded-K30-0   0.05    0.1028    0.0998     0.2204   -0.1206
  mobileclip2_s0|derm-crowded-K30-0   0.10    0.2776    0.3534     0.4990   -0.1456
  mobileclip2_s0|derm-crowded-K30-0   0.10    0.2655    0.3187     0.4791   -0.1604
  mobileclip2_s0|derm-crowded-K30-0   0.10    0.2194    0.2825     0.4033   -0.1208
  mobileclip2_s0|derm-crowded-K30-0   0.10    0.1382    0.0970     0.2698   -0.1728
  mobileclip2_s0|derm-crowded-K30-0   0.10    0.2136    0.2887     0.3938   -0.1050
  mobileclip2_s0|derm-crowded-K30-0   0.10    0.1273    0.1048     0.2519   -0.1471
  mobileclip2_s0|derm-crowded-K30-0   0.10    0.1274    0.1379     0.2520   -0.1142
  mobileclip2_s0|derm-crowded-K30-0   0.10    0.1271    0.1140     0.2516   -0.1375
  mobileclip2_s0|derm-crowded-K30-0   0.10    0.1253    0.1131     0.2486   -0.1355
  mobileclip2_s0|derm-crowded-K30-0   0.10    0.1216    0.0519     0.2426   -0.1906
  mobileclip2_s0|derm-crowded-K30-0   0.10    0.1028    0.0812     0.2116   -0.1304
  mobileclip2_s0|derm-crowded-K30-0   0.20    0.2776    0.2178     0.4813   -0.2635
  mobileclip2_s0|derm-crowded-K30-0   0.20    0.2655    0.2120     0.4614   -0.2494
  mobileclip2_s0|derm-crowded-K30-0   0.20    0.2194    0.0973     0.3857   -0.2883
  mobileclip2_s0|derm-crowded-K30-0   0.20    0.1382    0.0802     0.2522   -0.1719
  mobileclip2_s0|derm-crowded-K30-0   0.20    0.2136    0.2145     0.3761   -0.1616
  mobileclip2_s0|derm-crowded-K30-0   0.20    0.1273    0.0897     0.2343   -0.1446
  mobileclip2_s0|derm-crowded-K30-0   0.20    0.1274    0.0944     0.2344   -0.1400
  mobileclip2_s0|derm-crowded-K30-0   0.20    0.1271    0.1117     0.2339   -0.1222
  mobileclip2_s0|derm-crowded-K30-0   0.20    0.1253    0.0946     0.2310   -0.1364
  mobileclip2_s0|derm-crowded-K30-0   0.20    0.1216    0.0306     0.2249   -0.1943
  mobileclip2_s0|derm-crowded-K30-0   0.20    0.1028    0.0605     0.1939   -0.1334
  mobileclip2_s0|derm-crowded-K30-0   0.40    0.2776    0.0509     0.4460   -0.3951
  mobileclip2_s0|derm-crowded-K30-0   0.40    0.2655    0.0462     0.4261   -0.3799
  mobileclip2_s0|derm-crowded-K30-0   0.40    0.2194    0.0579     0.3503   -0.2925
  mobileclip2_s0|derm-crowded-K30-0   0.40    0.1382    0.0201     0.2169   -0.1967
  mobileclip2_s0|derm-crowded-K30-0   0.40    0.2136    0.0562     0.3408   -0.2846
  mobileclip2_s0|derm-crowded-K30-0   0.40    0.1273    0.0816     0.1990   -0.1174
  mobileclip2_s0|derm-crowded-K30-0   0.40    0.1274    0.0738     0.1991   -0.1252
  mobileclip2_s0|derm-crowded-K30-0   0.40    0.1271    0.0729     0.1986   -0.1257
  mobileclip2_s0|derm-crowded-K30-0   0.40    0.1253    0.0826     0.1956   -0.1131
  mobileclip2_s0|derm-crowded-K30-0   0.40    0.1216    0.0097     0.1896   -0.1799
  mobileclip2_s0|derm-crowded-K30-0   0.40    0.1028    0.0492     0.1586   -0.1093
  mobileclip2_s0|derm-crowded-K30-0   0.60    0.2776    0.0118     0.4107   -0.3989
  mobileclip2_s0|derm-crowded-K30-0   0.60    0.2655    0.0118     0.3908   -0.3790
  mobileclip2_s0|derm-crowded-K30-0   0.60    0.2194    0.0086     0.3150   -0.3064
  mobileclip2_s0|derm-crowded-K30-0   0.60    0.1382    0.0012     0.1816   -0.1804
  mobileclip2_s0|derm-crowded-K30-0   0.60    0.2136    0.0516     0.3055   -0.2539
  mobileclip2_s0|derm-crowded-K30-0   0.60    0.1273    0.0295     0.1636   -0.1342
  mobileclip2_s0|derm-crowded-K30-0   0.60    0.1274    0.0344     0.1638   -0.1293
  mobileclip2_s0|derm-crowded-K30-0   0.60    0.1271    0.0462     0.1633   -0.1171
  mobileclip2_s0|derm-crowded-K30-0   0.60    0.1253    0.0234     0.1603   -0.1370
  mobileclip2_s0|derm-crowded-K30-0   0.60    0.1216    0.0000     0.1543   -0.1543
  mobileclip2_s0|derm-crowded-K30-0   0.60    0.1028    0.0079     0.1233   -0.1154
  mobileclip2_s0|derm-crowded-K30-1   0.05    0.3498    0.6413     0.6265   +0.0148
  mobileclip2_s0|derm-crowded-K30-1   0.05    0.2125    0.3279     0.4008   -0.0730
  mobileclip2_s0|derm-crowded-K30-1   0.05    0.2182    0.2938     0.4101   -0.1163
  mobileclip2_s0|derm-crowded-K30-1   0.05    0.2425    0.3108     0.4502   -0.1394
  mobileclip2_s0|derm-crowded-K30-1   0.05    0.1092    0.1941     0.2309   -0.0368
  mobileclip2_s0|derm-crowded-K30-1   0.05    0.1502    0.1914     0.2984   -0.1070
  mobileclip2_s0|derm-crowded-K30-1   0.05    0.1039    0.1873     0.2222   -0.0349
  mobileclip2_s0|derm-crowded-K30-1   0.05    0.0968    0.1030     0.2106   -0.1076
  mobileclip2_s0|derm-crowded-K30-1   0.05    0.1603    0.1054     0.3150   -0.2097
  mobileclip2_s0|derm-crowded-K30-1   0.05    0.0975    0.0429     0.2117   -0.1688
  mobileclip2_s0|derm-crowded-K30-1   0.05    0.0663    0.0465     0.1604   -0.1139
  mobileclip2_s0|derm-crowded-K30-1   0.10    0.3498    0.5836     0.6177   -0.0341
  mobileclip2_s0|derm-crowded-K30-1   0.10    0.2125    0.3194     0.3920   -0.0726
  mobileclip2_s0|derm-crowded-K30-1   0.10    0.2182    0.2506     0.4013   -0.1507
  mobileclip2_s0|derm-crowded-K30-1   0.10    0.2425    0.2683     0.4414   -0.1731
  mobileclip2_s0|derm-crowded-K30-1   0.10    0.1092    0.1582     0.2221   -0.0639
  mobileclip2_s0|derm-crowded-K30-1   0.10    0.1502    0.1450     0.2896   -0.1446
  mobileclip2_s0|derm-crowded-K30-1   0.10    0.1039    0.1611     0.2134   -0.0523
  mobileclip2_s0|derm-crowded-K30-1   0.10    0.0968    0.0989     0.2017   -0.1028
  mobileclip2_s0|derm-crowded-K30-1   0.10    0.1603    0.0533     0.3062   -0.2529
  mobileclip2_s0|derm-crowded-K30-1   0.10    0.0975    0.0361     0.2029   -0.1668
  mobileclip2_s0|derm-crowded-K30-1   0.10    0.0663    0.0355     0.1515   -0.1160
  mobileclip2_s0|derm-crowded-K30-1   0.20    0.3498    0.4620     0.6000   -0.1380
  mobileclip2_s0|derm-crowded-K30-1   0.20    0.2125    0.1975     0.3743   -0.1768
  mobileclip2_s0|derm-crowded-K30-1   0.20    0.2182    0.1619     0.3836   -0.2217
  mobileclip2_s0|derm-crowded-K30-1   0.20    0.2425    0.2349     0.4237   -0.1888
  mobileclip2_s0|derm-crowded-K30-1   0.20    0.1092    0.0888     0.2044   -0.1156
  mobileclip2_s0|derm-crowded-K30-1   0.20    0.1502    0.1029     0.2719   -0.1691
  mobileclip2_s0|derm-crowded-K30-1   0.20    0.1039    0.1082     0.1957   -0.0875
  mobileclip2_s0|derm-crowded-K30-1   0.20    0.0968    0.0336     0.1841   -0.1505
  mobileclip2_s0|derm-crowded-K30-1   0.20    0.1603    0.0456     0.2886   -0.2430
  mobileclip2_s0|derm-crowded-K30-1   0.20    0.0975    0.0000     0.1852   -0.1852
  mobileclip2_s0|derm-crowded-K30-1   0.20    0.0663    0.0299     0.1339   -0.1040
  mobileclip2_s0|derm-crowded-K30-1   0.40    0.3498    0.2253     0.5647   -0.3394
  mobileclip2_s0|derm-crowded-K30-1   0.40    0.2125    0.1108     0.3390   -0.2282
  mobileclip2_s0|derm-crowded-K30-1   0.40    0.2182    0.0812     0.3483   -0.2671
  mobileclip2_s0|derm-crowded-K30-1   0.40    0.2425    0.0764     0.3884   -0.3120
  mobileclip2_s0|derm-crowded-K30-1   0.40    0.1092    0.0173     0.1691   -0.1518
  mobileclip2_s0|derm-crowded-K30-1   0.40    0.1502    0.0161     0.2366   -0.2205
  mobileclip2_s0|derm-crowded-K30-1   0.40    0.1039    0.0459     0.1604   -0.1145
  mobileclip2_s0|derm-crowded-K30-1   0.40    0.0968    0.0087     0.1488   -0.1400
  mobileclip2_s0|derm-crowded-K30-1   0.40    0.1603    0.0000     0.2532   -0.2532
  mobileclip2_s0|derm-crowded-K30-1   0.40    0.0975    0.0000     0.1499   -0.1499
  mobileclip2_s0|derm-crowded-K30-1   0.40    0.0663    0.0017     0.0986   -0.0969
  mobileclip2_s0|derm-crowded-K30-1   0.60    0.3498    0.0528     0.5294   -0.4766
  mobileclip2_s0|derm-crowded-K30-1   0.60    0.2125    0.0491     0.3037   -0.2546
  mobileclip2_s0|derm-crowded-K30-1   0.60    0.2182    0.0142     0.3130   -0.2988
  mobileclip2_s0|derm-crowded-K30-1   0.60    0.2425    0.0519     0.3531   -0.3012
  mobileclip2_s0|derm-crowded-K30-1   0.60    0.1092    0.0092     0.1338   -0.1246
  mobileclip2_s0|derm-crowded-K30-1   0.60    0.1502    0.0125     0.2013   -0.1888
  mobileclip2_s0|derm-crowded-K30-1   0.60    0.1039    0.0341     0.1251   -0.0910
  mobileclip2_s0|derm-crowded-K30-1   0.60    0.0968    0.0054     0.1135   -0.1080
  mobileclip2_s0|derm-crowded-K30-1   0.60    0.1603    0.0000     0.2179   -0.2179
  mobileclip2_s0|derm-crowded-K30-1   0.60    0.0975    0.0000     0.1146   -0.1146
  mobileclip2_s0|derm-crowded-K30-1   0.60    0.0663    0.0017     0.0633   -0.0616
  mobileclip2_s0|derm-crowded-K30-2   0.05    0.3098    0.4789     0.5608   -0.0819
  mobileclip2_s0|derm-crowded-K30-2   0.05    0.2776    0.4762     0.5078   -0.0316
  mobileclip2_s0|derm-crowded-K30-2   0.05    0.1722    0.3112     0.3346   -0.0233
  mobileclip2_s0|derm-crowded-K30-2   0.05    0.0870    0.0270     0.1945   -0.1675
  mobileclip2_s0|derm-crowded-K30-2   0.05    0.1574    0.2741     0.3102   -0.0362
  mobileclip2_s0|derm-crowded-K30-2   0.05    0.1707    0.2961     0.3321   -0.0360
  mobileclip2_s0|derm-crowded-K30-2   0.05    0.1300    0.0779     0.2652   -0.1873
  mobileclip2_s0|derm-crowded-K30-2   0.05    0.0854    0.0421     0.1919   -0.1498
  mobileclip2_s0|derm-crowded-K30-2   0.05    0.2379    0.1658     0.4426   -0.2768
  mobileclip2_s0|derm-crowded-K30-2   0.05    0.1276    0.0851     0.2612   -0.1761
  mobileclip2_s0|derm-crowded-K30-2   0.05    0.0543    0.0723     0.1407   -0.0684
  mobileclip2_s0|derm-crowded-K30-2   0.10    0.3098    0.4324     0.5520   -0.1196
  mobileclip2_s0|derm-crowded-K30-2   0.10    0.2776    0.3571     0.4990   -0.1419
  mobileclip2_s0|derm-crowded-K30-2   0.10    0.1722    0.2912     0.3257   -0.0345
  mobileclip2_s0|derm-crowded-K30-2   0.10    0.0870    0.0252     0.1856   -0.1604
  mobileclip2_s0|derm-crowded-K30-2   0.10    0.1574    0.2622     0.3014   -0.0392
  mobileclip2_s0|derm-crowded-K30-2   0.10    0.1707    0.2825     0.3233   -0.0408
  mobileclip2_s0|derm-crowded-K30-2   0.10    0.1300    0.0635     0.2564   -0.1929
  mobileclip2_s0|derm-crowded-K30-2   0.10    0.0854    0.0599     0.1830   -0.1232
  mobileclip2_s0|derm-crowded-K30-2   0.10    0.2379    0.1440     0.4337   -0.2897
  mobileclip2_s0|derm-crowded-K30-2   0.10    0.1276    0.0508     0.2524   -0.2016
  mobileclip2_s0|derm-crowded-K30-2   0.10    0.0543    0.0617     0.1318   -0.0702
  mobileclip2_s0|derm-crowded-K30-2   0.20    0.3098    0.3117     0.5343   -0.2226
  mobileclip2_s0|derm-crowded-K30-2   0.20    0.2776    0.2642     0.4813   -0.2171
  mobileclip2_s0|derm-crowded-K30-2   0.20    0.1722    0.1471     0.3081   -0.1610
  mobileclip2_s0|derm-crowded-K30-2   0.20    0.0870    0.0174     0.1680   -0.1506
  mobileclip2_s0|derm-crowded-K30-2   0.20    0.1574    0.1747     0.2837   -0.1090
  mobileclip2_s0|derm-crowded-K30-2   0.20    0.1707    0.2250     0.3056   -0.0806
  mobileclip2_s0|derm-crowded-K30-2   0.20    0.1300    0.0582     0.2387   -0.1805
  mobileclip2_s0|derm-crowded-K30-2   0.20    0.0854    0.0462     0.1654   -0.1191
  mobileclip2_s0|derm-crowded-K30-2   0.20    0.2379    0.0758     0.4161   -0.3403
  mobileclip2_s0|derm-crowded-K30-2   0.20    0.1276    0.0253     0.2348   -0.2095
  mobileclip2_s0|derm-crowded-K30-2   0.20    0.0543    0.0067     0.1142   -0.1075
  mobileclip2_s0|derm-crowded-K30-2   0.40    0.3098    0.1777     0.4990   -0.3213
  mobileclip2_s0|derm-crowded-K30-2   0.40    0.2776    0.1309     0.4460   -0.3151
  mobileclip2_s0|derm-crowded-K30-2   0.40    0.1722    0.0512     0.2728   -0.2216
  mobileclip2_s0|derm-crowded-K30-2   0.40    0.0870    0.0095     0.1327   -0.1232
  mobileclip2_s0|derm-crowded-K30-2   0.40    0.1574    0.0632     0.2484   -0.1853
  mobileclip2_s0|derm-crowded-K30-2   0.40    0.1707    0.1457     0.2703   -0.1246
  mobileclip2_s0|derm-crowded-K30-2   0.40    0.1300    0.0363     0.2034   -0.1671
  mobileclip2_s0|derm-crowded-K30-2   0.40    0.0854    0.0186     0.1301   -0.1114
  mobileclip2_s0|derm-crowded-K30-2   0.40    0.2379    0.0366     0.3808   -0.3441
  mobileclip2_s0|derm-crowded-K30-2   0.40    0.1276    0.0053     0.1994   -0.1942
  mobileclip2_s0|derm-crowded-K30-2   0.40    0.0543    0.0067     0.0789   -0.0722
  mobileclip2_s0|derm-crowded-K30-2   0.60    0.3098    0.1132     0.4637   -0.3505
  mobileclip2_s0|derm-crowded-K30-2   0.60    0.2776    0.0657     0.4107   -0.3450
  mobileclip2_s0|derm-crowded-K30-2   0.60    0.1722    0.0295     0.2375   -0.2080
  mobileclip2_s0|derm-crowded-K30-2   0.60    0.0870    0.0000     0.0974   -0.0974
  mobileclip2_s0|derm-crowded-K30-2   0.60    0.1574    0.0542     0.2131   -0.1589
  mobileclip2_s0|derm-crowded-K30-2   0.60    0.1707    0.0949     0.2350   -0.1401
  mobileclip2_s0|derm-crowded-K30-2   0.60    0.1300    0.0346     0.1681   -0.1335
  mobileclip2_s0|derm-crowded-K30-2   0.60    0.0854    0.0233     0.0948   -0.0714
  mobileclip2_s0|derm-crowded-K30-2   0.60    0.2379    0.0170     0.3455   -0.3285
  mobileclip2_s0|derm-crowded-K30-2   0.60    0.1276    0.0021     0.1641   -0.1620
  mobileclip2_s0|derm-crowded-K30-2   0.60    0.0543    0.0000     0.0435   -0.0435
  mobileclip2_s0|derm-crowded-K30-3   0.05    0.3466    0.3398     0.6214   -0.2815
  mobileclip2_s0|derm-crowded-K30-3   0.05    0.3392    0.3881     0.6091   -0.2210
  mobileclip2_s0|derm-crowded-K30-3   0.05    0.2891    0.2780     0.5267   -0.2487
  mobileclip2_s0|derm-crowded-K30-3   0.05    0.2642    0.2039     0.4859   -0.2820
  mobileclip2_s0|derm-crowded-K30-3   0.05    0.2787    0.2523     0.5097   -0.2574
  mobileclip2_s0|derm-crowded-K30-3   0.05    0.1924    0.0837     0.3677   -0.2840
  mobileclip2_s0|derm-crowded-K30-3   0.05    0.2062    0.1280     0.3905   -0.2625
  mobileclip2_s0|derm-crowded-K30-3   0.05    0.2076    0.1176     0.3927   -0.2751
  mobileclip2_s0|derm-crowded-K30-3   0.05    0.2639    0.1797     0.4853   -0.3056
  mobileclip2_s0|derm-crowded-K30-3   0.05    0.1427    0.1219     0.2861   -0.1642
  mobileclip2_s0|derm-crowded-K30-3   0.05    0.1378    0.0120     0.2780   -0.2660
  mobileclip2_s0|derm-crowded-K30-3   0.10    0.3466    0.2749     0.6126   -0.3377
  mobileclip2_s0|derm-crowded-K30-3   0.10    0.3392    0.3169     0.6003   -0.2833
  mobileclip2_s0|derm-crowded-K30-3   0.10    0.2891    0.2683     0.5179   -0.2496
  mobileclip2_s0|derm-crowded-K30-3   0.10    0.2642    0.1922     0.4771   -0.2849
  mobileclip2_s0|derm-crowded-K30-3   0.10    0.2787    0.2029     0.5008   -0.2979
  mobileclip2_s0|derm-crowded-K30-3   0.10    0.1924    0.0873     0.3589   -0.2716
  mobileclip2_s0|derm-crowded-K30-3   0.10    0.2062    0.1280     0.3817   -0.2536
  mobileclip2_s0|derm-crowded-K30-3   0.10    0.2076    0.1316     0.3839   -0.2523
  mobileclip2_s0|derm-crowded-K30-3   0.10    0.2639    0.1580     0.4765   -0.3185
  mobileclip2_s0|derm-crowded-K30-3   0.10    0.1427    0.1219     0.2773   -0.1554
  mobileclip2_s0|derm-crowded-K30-3   0.10    0.1378    0.0120     0.2692   -0.2572
  mobileclip2_s0|derm-crowded-K30-3   0.20    0.3466    0.1797     0.5949   -0.4152
  mobileclip2_s0|derm-crowded-K30-3   0.20    0.3392    0.1683     0.5826   -0.4143
  mobileclip2_s0|derm-crowded-K30-3   0.20    0.2891    0.1515     0.5003   -0.3487
  mobileclip2_s0|derm-crowded-K30-3   0.20    0.2642    0.1390     0.4594   -0.3204
  mobileclip2_s0|derm-crowded-K30-3   0.20    0.2787    0.1361     0.4832   -0.3470
  mobileclip2_s0|derm-crowded-K30-3   0.20    0.1924    0.0736     0.3412   -0.2677
  mobileclip2_s0|derm-crowded-K30-3   0.20    0.2062    0.0656     0.3640   -0.2984
  mobileclip2_s0|derm-crowded-K30-3   0.20    0.2076    0.1102     0.3662   -0.2560
  mobileclip2_s0|derm-crowded-K30-3   0.20    0.2639    0.0860     0.4588   -0.3728
  mobileclip2_s0|derm-crowded-K30-3   0.20    0.1427    0.1055     0.2596   -0.1541
  mobileclip2_s0|derm-crowded-K30-3   0.20    0.1378    0.0064     0.2515   -0.2451
  mobileclip2_s0|derm-crowded-K30-3   0.40    0.3466    0.0739     0.5596   -0.4857
  mobileclip2_s0|derm-crowded-K30-3   0.40    0.3392    0.0143     0.5473   -0.5330
  mobileclip2_s0|derm-crowded-K30-3   0.40    0.2891    0.0871     0.4649   -0.3778
  mobileclip2_s0|derm-crowded-K30-3   0.40    0.2642    0.0713     0.4241   -0.3528
  mobileclip2_s0|derm-crowded-K30-3   0.40    0.2787    0.0728     0.4479   -0.3750
  mobileclip2_s0|derm-crowded-K30-3   0.40    0.1924    0.0717     0.3059   -0.2342
  mobileclip2_s0|derm-crowded-K30-3   0.40    0.2062    0.0661     0.3287   -0.2626
  mobileclip2_s0|derm-crowded-K30-3   0.40    0.2076    0.0159     0.3309   -0.3150
  mobileclip2_s0|derm-crowded-K30-3   0.40    0.2639    0.0264     0.4235   -0.3971
  mobileclip2_s0|derm-crowded-K30-3   0.40    0.1427    0.0614     0.2243   -0.1629
  mobileclip2_s0|derm-crowded-K30-3   0.40    0.1378    0.0000     0.2162   -0.2162
  mobileclip2_s0|derm-crowded-K30-3   0.60    0.3466    0.0357     0.5243   -0.4886
  mobileclip2_s0|derm-crowded-K30-3   0.60    0.3392    0.0066     0.5120   -0.5054
  mobileclip2_s0|derm-crowded-K30-3   0.60    0.2891    0.0340     0.4296   -0.3956
  mobileclip2_s0|derm-crowded-K30-3   0.60    0.2642    0.0196     0.3888   -0.3692
  mobileclip2_s0|derm-crowded-K30-3   0.60    0.2787    0.0367     0.4125   -0.3759
  mobileclip2_s0|derm-crowded-K30-3   0.60    0.1924    0.0056     0.2706   -0.2650
  mobileclip2_s0|derm-crowded-K30-3   0.60    0.2062    0.0049     0.2934   -0.2884
  mobileclip2_s0|derm-crowded-K30-3   0.60    0.2076    0.0091     0.2956   -0.2865
  mobileclip2_s0|derm-crowded-K30-3   0.60    0.2639    0.0063     0.3882   -0.3819
  mobileclip2_s0|derm-crowded-K30-3   0.60    0.1427    0.0046     0.1890   -0.1844
  mobileclip2_s0|derm-crowded-K30-3   0.60    0.1378    0.0000     0.1809   -0.1809
  mobileclip2_s0|derm-varied-K20-0   0.05    0.1018    0.0676     0.2188   -0.1511
  mobileclip2_s0|derm-varied-K20-0   0.05    0.1729    0.2523     0.3356   -0.0834
  mobileclip2_s0|derm-varied-K20-0   0.05    0.1485    0.1688     0.2955   -0.1267
  mobileclip2_s0|derm-varied-K20-0   0.05    0.1734    0.2698     0.3365   -0.0667
  mobileclip2_s0|derm-varied-K20-0   0.05    0.1388    0.1427     0.2796   -0.1369
  mobileclip2_s0|derm-varied-K20-0   0.05    0.1586    0.1649     0.3122   -0.1474
  mobileclip2_s0|derm-varied-K20-0   0.05    0.1306    0.1783     0.2662   -0.0880
  mobileclip2_s0|derm-varied-K20-0   0.05    0.1139    0.1095     0.2387   -0.1292
  mobileclip2_s0|derm-varied-K20-0   0.05    0.1078    0.0797     0.2287   -0.1490
  mobileclip2_s0|derm-varied-K20-0   0.05    0.0907    0.1518     0.2006   -0.0488
  mobileclip2_s0|derm-varied-K20-0   0.05    0.0290    0.0619     0.0990   -0.0371
  mobileclip2_s0|derm-varied-K20-0   0.05    0.0271    0.0579     0.0960   -0.0381
  mobileclip2_s0|derm-varied-K20-0   0.10    0.1018    0.0607     0.2099   -0.1492
  mobileclip2_s0|derm-varied-K20-0   0.10    0.1729    0.2368     0.3268   -0.0900
  mobileclip2_s0|derm-varied-K20-0   0.10    0.1485    0.1314     0.2867   -0.1553
  mobileclip2_s0|derm-varied-K20-0   0.10    0.1734    0.2205     0.3277   -0.1072
  mobileclip2_s0|derm-varied-K20-0   0.10    0.1388    0.1217     0.2708   -0.1490
  mobileclip2_s0|derm-varied-K20-0   0.10    0.1586    0.1452     0.3034   -0.1582
  mobileclip2_s0|derm-varied-K20-0   0.10    0.1306    0.1289     0.2574   -0.1285
  mobileclip2_s0|derm-varied-K20-0   0.10    0.1139    0.0967     0.2299   -0.1332
  mobileclip2_s0|derm-varied-K20-0   0.10    0.1078    0.0636     0.2199   -0.1563
  mobileclip2_s0|derm-varied-K20-0   0.10    0.0907    0.1106     0.1917   -0.0812
  mobileclip2_s0|derm-varied-K20-0   0.10    0.0290    0.0486     0.0902   -0.0416
  mobileclip2_s0|derm-varied-K20-0   0.10    0.0271    0.0391     0.0871   -0.0481
  mobileclip2_s0|derm-varied-K20-0   0.20    0.1018    0.0463     0.1923   -0.1460
  mobileclip2_s0|derm-varied-K20-0   0.20    0.1729    0.1213     0.3092   -0.1878
  mobileclip2_s0|derm-varied-K20-0   0.20    0.1485    0.1220     0.2690   -0.1470
  mobileclip2_s0|derm-varied-K20-0   0.20    0.1734    0.1357     0.3100   -0.1744
  mobileclip2_s0|derm-varied-K20-0   0.20    0.1388    0.0879     0.2531   -0.1652
  mobileclip2_s0|derm-varied-K20-0   0.20    0.1586    0.1057     0.2857   -0.1801
  mobileclip2_s0|derm-varied-K20-0   0.20    0.1306    0.1160     0.2397   -0.1237
  mobileclip2_s0|derm-varied-K20-0   0.20    0.1139    0.0653     0.2123   -0.1470
  mobileclip2_s0|derm-varied-K20-0   0.20    0.1078    0.0585     0.2022   -0.1437
  mobileclip2_s0|derm-varied-K20-0   0.20    0.0907    0.0557     0.1741   -0.1183
  mobileclip2_s0|derm-varied-K20-0   0.20    0.0290    0.0309     0.0725   -0.0416
  mobileclip2_s0|derm-varied-K20-0   0.20    0.0271    0.0213     0.0695   -0.0482
  mobileclip2_s0|derm-varied-K20-0   0.40    0.1018    0.0161     0.1570   -0.1409
  mobileclip2_s0|derm-varied-K20-0   0.40    0.1729    0.0312     0.2738   -0.2426
  mobileclip2_s0|derm-varied-K20-0   0.40    0.1485    0.0879     0.2337   -0.1459
  mobileclip2_s0|derm-varied-K20-0   0.40    0.1734    0.0158     0.2747   -0.2589
  mobileclip2_s0|derm-varied-K20-0   0.40    0.1388    0.0654     0.2178   -0.1524
  mobileclip2_s0|derm-varied-K20-0   0.40    0.1586    0.0713     0.2504   -0.1791
  mobileclip2_s0|derm-varied-K20-0   0.40    0.1306    0.0746     0.2044   -0.1299
  mobileclip2_s0|derm-varied-K20-0   0.40    0.1139    0.0266     0.1769   -0.1504
  mobileclip2_s0|derm-varied-K20-0   0.40    0.1078    0.0286     0.1669   -0.1383
  mobileclip2_s0|derm-varied-K20-0   0.40    0.0907    0.0212     0.1388   -0.1176
  mobileclip2_s0|derm-varied-K20-0   0.40    0.0290    0.0088     0.0372   -0.0284
  mobileclip2_s0|derm-varied-K20-0   0.40    0.0271    0.0082     0.0342   -0.0260
  mobileclip2_s0|derm-varied-K20-0   0.60    0.1018    0.0116     0.1217   -0.1101
  mobileclip2_s0|derm-varied-K20-0   0.60    0.1729    0.0137     0.2385   -0.2248
  mobileclip2_s0|derm-varied-K20-0   0.60    0.1485    0.0542     0.1984   -0.1442
  mobileclip2_s0|derm-varied-K20-0   0.60    0.1734    0.0162     0.2394   -0.2232
  mobileclip2_s0|derm-varied-K20-0   0.60    0.1388    0.0343     0.1825   -0.1482
  mobileclip2_s0|derm-varied-K20-0   0.60    0.1586    0.0456     0.2151   -0.1695
  mobileclip2_s0|derm-varied-K20-0   0.60    0.1306    0.0154     0.1691   -0.1537
  mobileclip2_s0|derm-varied-K20-0   0.60    0.1139    0.0118     0.1416   -0.1298
  mobileclip2_s0|derm-varied-K20-0   0.60    0.1078    0.0210     0.1316   -0.1106
  mobileclip2_s0|derm-varied-K20-0   0.60    0.0907    0.0000     0.1035   -0.1035
  mobileclip2_s0|derm-varied-K20-0   0.60    0.0290    0.0000     0.0019   -0.0019
  mobileclip2_s0|derm-varied-K20-0   0.60    0.0271    0.0056    -0.0011   +0.0068
  mobileclip2_s0|derm-varied-K20-1   0.05    0.1275    0.0626     0.2611   -0.1985
  mobileclip2_s0|derm-varied-K20-1   0.05    0.2399    0.4983     0.4458   +0.0525
  mobileclip2_s0|derm-varied-K20-1   0.05    0.2195    0.4294     0.4124   +0.0170
  mobileclip2_s0|derm-varied-K20-1   0.05    0.1900    0.3446     0.3638   -0.0193
  mobileclip2_s0|derm-varied-K20-1   0.05    0.1846    0.3678     0.3550   +0.0128
  mobileclip2_s0|derm-varied-K20-1   0.05    0.1673    0.2388     0.3265   -0.0877
  mobileclip2_s0|derm-varied-K20-1   0.05    0.1701    0.3415     0.3311   +0.0104
  mobileclip2_s0|derm-varied-K20-1   0.05    0.1490    0.2739     0.2964   -0.0225
  mobileclip2_s0|derm-varied-K20-1   0.05    0.1116    0.1741     0.2349   -0.0608
  mobileclip2_s0|derm-varied-K20-1   0.05    0.0913    0.1071     0.2015   -0.0944
  mobileclip2_s0|derm-varied-K20-1   0.05    0.1203    0.1073     0.2492   -0.1419
  mobileclip2_s0|derm-varied-K20-1   0.05    0.0161    0.0189     0.0779   -0.0590
  mobileclip2_s0|derm-varied-K20-1   0.10    0.1275    0.0626     0.2523   -0.1896
  mobileclip2_s0|derm-varied-K20-1   0.10    0.2399    0.4442     0.4370   +0.0072
  mobileclip2_s0|derm-varied-K20-1   0.10    0.2195    0.3942     0.4035   -0.0093
  mobileclip2_s0|derm-varied-K20-1   0.10    0.1900    0.2797     0.3550   -0.0753
  mobileclip2_s0|derm-varied-K20-1   0.10    0.1846    0.3060     0.3462   -0.0402
  mobileclip2_s0|derm-varied-K20-1   0.10    0.1673    0.2388     0.3176   -0.0788
  mobileclip2_s0|derm-varied-K20-1   0.10    0.1701    0.2604     0.3223   -0.0619
  mobileclip2_s0|derm-varied-K20-1   0.10    0.1490    0.2004     0.2876   -0.0872
  mobileclip2_s0|derm-varied-K20-1   0.10    0.1116    0.1704     0.2261   -0.0557
  mobileclip2_s0|derm-varied-K20-1   0.10    0.0913    0.0766     0.1927   -0.1160
  mobileclip2_s0|derm-varied-K20-1   0.10    0.1203    0.1114     0.2404   -0.1289
  mobileclip2_s0|derm-varied-K20-1   0.10    0.0161    0.0189     0.0690   -0.0502
  mobileclip2_s0|derm-varied-K20-1   0.20    0.1275    0.0447     0.2346   -0.1899
  mobileclip2_s0|derm-varied-K20-1   0.20    0.2399    0.3225     0.4193   -0.0968
  mobileclip2_s0|derm-varied-K20-1   0.20    0.2195    0.3202     0.3859   -0.0657
  mobileclip2_s0|derm-varied-K20-1   0.20    0.1900    0.1999     0.3374   -0.1374
  mobileclip2_s0|derm-varied-K20-1   0.20    0.1846    0.1979     0.3285   -0.1306
  mobileclip2_s0|derm-varied-K20-1   0.20    0.1673    0.1878     0.3000   -0.1122
  mobileclip2_s0|derm-varied-K20-1   0.20    0.1701    0.1829     0.3046   -0.1218
  mobileclip2_s0|derm-varied-K20-1   0.20    0.1490    0.1342     0.2699   -0.1357
  mobileclip2_s0|derm-varied-K20-1   0.20    0.1116    0.0796     0.2084   -0.1288
  mobileclip2_s0|derm-varied-K20-1   0.20    0.0913    0.0400     0.1750   -0.1350
  mobileclip2_s0|derm-varied-K20-1   0.20    0.1203    0.0638     0.2227   -0.1589
  mobileclip2_s0|derm-varied-K20-1   0.20    0.0161    0.0104     0.0514   -0.0410
  mobileclip2_s0|derm-varied-K20-1   0.40    0.1275    0.0267     0.1993   -0.1726
  mobileclip2_s0|derm-varied-K20-1   0.40    0.2399    0.1679     0.3840   -0.2162
  mobileclip2_s0|derm-varied-K20-1   0.40    0.2195    0.2110     0.3506   -0.1395
  mobileclip2_s0|derm-varied-K20-1   0.40    0.1900    0.0229     0.3020   -0.2792
  mobileclip2_s0|derm-varied-K20-1   0.40    0.1846    0.0479     0.2932   -0.2453
  mobileclip2_s0|derm-varied-K20-1   0.40    0.1673    0.0670     0.2647   -0.1976
  mobileclip2_s0|derm-varied-K20-1   0.40    0.1701    0.0887     0.2693   -0.1806
  mobileclip2_s0|derm-varied-K20-1   0.40    0.1490    0.0771     0.2346   -0.1576
  mobileclip2_s0|derm-varied-K20-1   0.40    0.1116    0.0641     0.1731   -0.1090
  mobileclip2_s0|derm-varied-K20-1   0.40    0.0913    0.0075     0.1397   -0.1322
  mobileclip2_s0|derm-varied-K20-1   0.40    0.1203    0.0199     0.1874   -0.1675
  mobileclip2_s0|derm-varied-K20-1   0.40    0.0161    0.0022     0.0161   -0.0138
  mobileclip2_s0|derm-varied-K20-1   0.60    0.1275    0.0079     0.1640   -0.1560
  mobileclip2_s0|derm-varied-K20-1   0.60    0.2399    0.1119     0.3487   -0.2369
  mobileclip2_s0|derm-varied-K20-1   0.60    0.2195    0.0929     0.3153   -0.2223
  mobileclip2_s0|derm-varied-K20-1   0.60    0.1900    0.0133     0.2667   -0.2534
  mobileclip2_s0|derm-varied-K20-1   0.60    0.1846    0.0379     0.2579   -0.2200
  mobileclip2_s0|derm-varied-K20-1   0.60    0.1673    0.0371     0.2293   -0.1922
  mobileclip2_s0|derm-varied-K20-1   0.60    0.1701    0.0234     0.2340   -0.2106
  mobileclip2_s0|derm-varied-K20-1   0.60    0.1490    0.0259     0.1993   -0.1734
  mobileclip2_s0|derm-varied-K20-1   0.60    0.1116    0.0236     0.1378   -0.1142
  mobileclip2_s0|derm-varied-K20-1   0.60    0.0913    0.0075     0.1044   -0.0969
  mobileclip2_s0|derm-varied-K20-1   0.60    0.1203    0.0006     0.1521   -0.1515
  mobileclip2_s0|derm-varied-K20-1   0.60    0.0161    0.0022    -0.0192   +0.0215
  mobileclip2_s0|derm-varied-K20-2   0.05    0.1204    0.0613     0.2493   -0.1880
  mobileclip2_s0|derm-varied-K20-2   0.05    0.2542    0.6104     0.4694   +0.1409
  mobileclip2_s0|derm-varied-K20-2   0.05    0.2528    0.5344     0.4671   +0.0674
  mobileclip2_s0|derm-varied-K20-2   0.05    0.1799    0.3209     0.3473   -0.0263
  mobileclip2_s0|derm-varied-K20-2   0.05    0.2016    0.2316     0.3830   -0.1514
  mobileclip2_s0|derm-varied-K20-2   0.05    0.2345    0.5307     0.4371   +0.0937
  mobileclip2_s0|derm-varied-K20-2   0.05    0.1525    0.1567     0.3021   -0.1454
  mobileclip2_s0|derm-varied-K20-2   0.05    0.1213    0.1351     0.2508   -0.1157
  mobileclip2_s0|derm-varied-K20-2   0.05    0.1124    0.1224     0.2362   -0.1138
  mobileclip2_s0|derm-varied-K20-2   0.05    0.1096    0.1372     0.2317   -0.0944
  mobileclip2_s0|derm-varied-K20-2   0.05    0.0693    0.0201     0.1653   -0.1452
  mobileclip2_s0|derm-varied-K20-2   0.05    0.0261    0.0088     0.0943   -0.0854
  mobileclip2_s0|derm-varied-K20-2   0.10    0.1204    0.0583     0.2405   -0.1821
  mobileclip2_s0|derm-varied-K20-2   0.10    0.2542    0.4741     0.4606   +0.0135
  mobileclip2_s0|derm-varied-K20-2   0.10    0.2528    0.4649     0.4582   +0.0067
  mobileclip2_s0|derm-varied-K20-2   0.10    0.1799    0.1975     0.3384   -0.1410
  mobileclip2_s0|derm-varied-K20-2   0.10    0.2016    0.2109     0.3741   -0.1632
  mobileclip2_s0|derm-varied-K20-2   0.10    0.2345    0.4594     0.4282   +0.0311
  mobileclip2_s0|derm-varied-K20-2   0.10    0.1525    0.1215     0.2933   -0.1718
  mobileclip2_s0|derm-varied-K20-2   0.10    0.1213    0.1307     0.2420   -0.1112
  mobileclip2_s0|derm-varied-K20-2   0.10    0.1124    0.1553     0.2274   -0.0721
  mobileclip2_s0|derm-varied-K20-2   0.10    0.1096    0.1343     0.2228   -0.0885
  mobileclip2_s0|derm-varied-K20-2   0.10    0.0693    0.0263     0.1564   -0.1301
  mobileclip2_s0|derm-varied-K20-2   0.10    0.0261    0.0045     0.0855   -0.0809
  mobileclip2_s0|derm-varied-K20-2   0.20    0.1204    0.0470     0.2228   -0.1758
  mobileclip2_s0|derm-varied-K20-2   0.20    0.2542    0.4158     0.4429   -0.0271
  mobileclip2_s0|derm-varied-K20-2   0.20    0.2528    0.2706     0.4406   -0.1700
  mobileclip2_s0|derm-varied-K20-2   0.20    0.1799    0.1627     0.3208   -0.1581
  mobileclip2_s0|derm-varied-K20-2   0.20    0.2016    0.2026     0.3565   -0.1538
  mobileclip2_s0|derm-varied-K20-2   0.20    0.2345    0.3020     0.4106   -0.1086
  mobileclip2_s0|derm-varied-K20-2   0.20    0.1525    0.0771     0.2756   -0.1985
  mobileclip2_s0|derm-varied-K20-2   0.20    0.1213    0.0597     0.2243   -0.1646
  mobileclip2_s0|derm-varied-K20-2   0.20    0.1124    0.1260     0.2097   -0.0837
  mobileclip2_s0|derm-varied-K20-2   0.20    0.1096    0.0797     0.2052   -0.1255
  mobileclip2_s0|derm-varied-K20-2   0.20    0.0693    0.0378     0.1388   -0.1010
  mobileclip2_s0|derm-varied-K20-2   0.20    0.0261    0.0008     0.0678   -0.0670
  mobileclip2_s0|derm-varied-K20-2   0.40    0.1204    0.0431     0.1875   -0.1444
  mobileclip2_s0|derm-varied-K20-2   0.40    0.2542    0.1912     0.4076   -0.2164
  mobileclip2_s0|derm-varied-K20-2   0.40    0.2528    0.1247     0.4053   -0.2806
  mobileclip2_s0|derm-varied-K20-2   0.40    0.1799    0.0764     0.2855   -0.2091
  mobileclip2_s0|derm-varied-K20-2   0.40    0.2016    0.1365     0.3212   -0.1847
  mobileclip2_s0|derm-varied-K20-2   0.40    0.2345    0.1170     0.3753   -0.2582
  mobileclip2_s0|derm-varied-K20-2   0.40    0.1525    0.0488     0.2403   -0.1915
  mobileclip2_s0|derm-varied-K20-2   0.40    0.1213    0.0619     0.1890   -0.1272
  mobileclip2_s0|derm-varied-K20-2   0.40    0.1124    0.0538     0.1744   -0.1206
  mobileclip2_s0|derm-varied-K20-2   0.40    0.1096    0.0045     0.1699   -0.1654
  mobileclip2_s0|derm-varied-K20-2   0.40    0.0693    0.0083     0.1035   -0.0952
  mobileclip2_s0|derm-varied-K20-2   0.40    0.0261    0.0008     0.0325   -0.0317
  mobileclip2_s0|derm-varied-K20-2   0.60    0.1204    0.0336     0.1522   -0.1186
  mobileclip2_s0|derm-varied-K20-2   0.60    0.2542    0.0959     0.3723   -0.2764
  mobileclip2_s0|derm-varied-K20-2   0.60    0.2528    0.0862     0.3700   -0.2838
  mobileclip2_s0|derm-varied-K20-2   0.60    0.1799    0.0286     0.2502   -0.2216
  mobileclip2_s0|derm-varied-K20-2   0.60    0.2016    0.0366     0.2858   -0.2493
  mobileclip2_s0|derm-varied-K20-2   0.60    0.2345    0.0813     0.3399   -0.2587
  mobileclip2_s0|derm-varied-K20-2   0.60    0.1525    0.0055     0.2050   -0.1995
  mobileclip2_s0|derm-varied-K20-2   0.60    0.1213    0.0037     0.1537   -0.1500
  mobileclip2_s0|derm-varied-K20-2   0.60    0.1124    0.0037     0.1391   -0.1354
  mobileclip2_s0|derm-varied-K20-2   0.60    0.1096    0.0000     0.1346   -0.1346
  mobileclip2_s0|derm-varied-K20-2   0.60    0.0693    0.0023     0.0682   -0.0658
  mobileclip2_s0|derm-varied-K20-2   0.60    0.0261    0.0000    -0.0028   +0.0028
  mobileclip2_s0|derm-varied-K20-3   0.05    0.1573    0.1002     0.3101   -0.2099
  mobileclip2_s0|derm-varied-K20-3   0.05    0.2313    0.3103     0.4317   -0.1215
  mobileclip2_s0|derm-varied-K20-3   0.05    0.2277    0.3484     0.4258   -0.0774
  mobileclip2_s0|derm-varied-K20-3   0.05    0.2226    0.3408     0.4175   -0.0767
  mobileclip2_s0|derm-varied-K20-3   0.05    0.2235    0.3404     0.4189   -0.0785
  mobileclip2_s0|derm-varied-K20-3   0.05    0.2070    0.2745     0.3917   -0.1172
  mobileclip2_s0|derm-varied-K20-3   0.05    0.1735    0.1542     0.3366   -0.1824
  mobileclip2_s0|derm-varied-K20-3   0.05    0.1648    0.1535     0.3223   -0.1688
  mobileclip2_s0|derm-varied-K20-3   0.05    0.1601    0.1224     0.3146   -0.1923
  mobileclip2_s0|derm-varied-K20-3   0.05    0.0250    0.1335     0.0925   +0.0410
  mobileclip2_s0|derm-varied-K20-3   0.05    0.0568    0.0786     0.1448   -0.0662
  mobileclip2_s0|derm-varied-K20-3   0.05    0.1266    0.0677     0.2595   -0.1918
  mobileclip2_s0|derm-varied-K20-3   0.10    0.1573    0.0483     0.3013   -0.2530
  mobileclip2_s0|derm-varied-K20-3   0.10    0.2313    0.2524     0.4229   -0.1705
  mobileclip2_s0|derm-varied-K20-3   0.10    0.2277    0.2513     0.4170   -0.1657
  mobileclip2_s0|derm-varied-K20-3   0.10    0.2226    0.3022     0.4087   -0.1064
  mobileclip2_s0|derm-varied-K20-3   0.10    0.2235    0.2758     0.4100   -0.1343
  mobileclip2_s0|derm-varied-K20-3   0.10    0.2070    0.2215     0.3829   -0.1614
  mobileclip2_s0|derm-varied-K20-3   0.10    0.1735    0.1266     0.3278   -0.2012
  mobileclip2_s0|derm-varied-K20-3   0.10    0.1648    0.1211     0.3135   -0.1924
  mobileclip2_s0|derm-varied-K20-3   0.10    0.1601    0.1119     0.3058   -0.1939
  mobileclip2_s0|derm-varied-K20-3   0.10    0.0250    0.0793     0.0837   -0.0044
  mobileclip2_s0|derm-varied-K20-3   0.10    0.0568    0.0786     0.1359   -0.0573
  mobileclip2_s0|derm-varied-K20-3   0.10    0.1266    0.0250     0.2507   -0.2257
  mobileclip2_s0|derm-varied-K20-3   0.20    0.1573    0.0374     0.2836   -0.2462
  mobileclip2_s0|derm-varied-K20-3   0.20    0.2313    0.1958     0.4052   -0.2095
  mobileclip2_s0|derm-varied-K20-3   0.20    0.2277    0.1835     0.3993   -0.2158
  mobileclip2_s0|derm-varied-K20-3   0.20    0.2226    0.1886     0.3910   -0.2024
  mobileclip2_s0|derm-varied-K20-3   0.20    0.2235    0.1935     0.3924   -0.1989
  mobileclip2_s0|derm-varied-K20-3   0.20    0.2070    0.1739     0.3652   -0.1914
  mobileclip2_s0|derm-varied-K20-3   0.20    0.1735    0.0911     0.3101   -0.2190
  mobileclip2_s0|derm-varied-K20-3   0.20    0.1648    0.0977     0.2959   -0.1982
  mobileclip2_s0|derm-varied-K20-3   0.20    0.1601    0.0654     0.2882   -0.2227
  mobileclip2_s0|derm-varied-K20-3   0.20    0.0250    0.0578     0.0660   -0.0082
  mobileclip2_s0|derm-varied-K20-3   0.20    0.0568    0.0412     0.1183   -0.0771
  mobileclip2_s0|derm-varied-K20-3   0.20    0.1266    0.0198     0.2330   -0.2132
  mobileclip2_s0|derm-varied-K20-3   0.40    0.1573    0.0194     0.2483   -0.2289
  mobileclip2_s0|derm-varied-K20-3   0.40    0.2313    0.1152     0.3699   -0.2547
  mobileclip2_s0|derm-varied-K20-3   0.40    0.2277    0.1041     0.3640   -0.2600
  mobileclip2_s0|derm-varied-K20-3   0.40    0.2226    0.1214     0.3557   -0.2343
  mobileclip2_s0|derm-varied-K20-3   0.40    0.2235    0.0970     0.3571   -0.2600
  mobileclip2_s0|derm-varied-K20-3   0.40    0.2070    0.1114     0.3299   -0.2186
  mobileclip2_s0|derm-varied-K20-3   0.40    0.1735    0.0565     0.2748   -0.2183
  mobileclip2_s0|derm-varied-K20-3   0.40    0.1648    0.0479     0.2605   -0.2127
  mobileclip2_s0|derm-varied-K20-3   0.40    0.1601    0.0258     0.2529   -0.2270
  mobileclip2_s0|derm-varied-K20-3   0.40    0.0250    0.0000     0.0307   -0.0307
  mobileclip2_s0|derm-varied-K20-3   0.40    0.0568    0.0389     0.0830   -0.0441
  mobileclip2_s0|derm-varied-K20-3   0.40    0.1266    0.0027     0.1977   -0.1950
  mobileclip2_s0|derm-varied-K20-3   0.60    0.1573    0.0171     0.2130   -0.1958
  mobileclip2_s0|derm-varied-K20-3   0.60    0.2313    0.0894     0.3346   -0.2453
  mobileclip2_s0|derm-varied-K20-3   0.60    0.2277    0.0882     0.3287   -0.2405
  mobileclip2_s0|derm-varied-K20-3   0.60    0.2226    0.1100     0.3204   -0.2104
  mobileclip2_s0|derm-varied-K20-3   0.60    0.2235    0.0914     0.3218   -0.2303
  mobileclip2_s0|derm-varied-K20-3   0.60    0.2070    0.0866     0.2946   -0.2080
  mobileclip2_s0|derm-varied-K20-3   0.60    0.1735    0.0217     0.2395   -0.2178
  mobileclip2_s0|derm-varied-K20-3   0.60    0.1648    0.0157     0.2252   -0.2096
  mobileclip2_s0|derm-varied-K20-3   0.60    0.1601    0.0011     0.2175   -0.2164
  mobileclip2_s0|derm-varied-K20-3   0.60    0.0250    0.0000    -0.0046   +0.0046
  mobileclip2_s0|derm-varied-K20-3   0.60    0.0568    0.0256     0.0476   -0.0221
  mobileclip2_s0|derm-varied-K20-3   0.60    0.1266    0.0000     0.1624   -0.1624
  mobileclip2_s0|derm-varied-K30-0   0.05    0.0915    0.0960     0.2018   -0.1058
  mobileclip2_s0|derm-varied-K30-0   0.05    0.2430    0.5944     0.4510   +0.1434
  mobileclip2_s0|derm-varied-K30-0   0.05    0.1539    0.3335     0.3045   +0.0290
  mobileclip2_s0|derm-varied-K30-0   0.05    0.1769    0.3770     0.3423   +0.0347
  mobileclip2_s0|derm-varied-K30-0   0.05    0.1288    0.2998     0.2632   +0.0367
  mobileclip2_s0|derm-varied-K30-0   0.05    0.1216    0.2016     0.2514   -0.0498
  mobileclip2_s0|derm-varied-K30-0   0.05    0.1095    0.2258     0.2315   -0.0057
  mobileclip2_s0|derm-varied-K30-0   0.05    0.1126    0.2539     0.2366   +0.0173
  mobileclip2_s0|derm-varied-K30-0   0.05    0.0945    0.1442     0.2068   -0.0626
  mobileclip2_s0|derm-varied-K30-0   0.05    0.1901    0.2897     0.3640   -0.0744
  mobileclip2_s0|derm-varied-K30-0   0.05    0.0562    0.0659     0.1438   -0.0779
  mobileclip2_s0|derm-varied-K30-0   0.05    0.0337    0.0026     0.1068   -0.1042
  mobileclip2_s0|derm-varied-K30-0   0.10    0.0915    0.0834     0.1930   -0.1096
  mobileclip2_s0|derm-varied-K30-0   0.10    0.2430    0.3663     0.4422   -0.0759
  mobileclip2_s0|derm-varied-K30-0   0.10    0.1539    0.2650     0.2957   -0.0307
  mobileclip2_s0|derm-varied-K30-0   0.10    0.1769    0.3509     0.3335   +0.0174
  mobileclip2_s0|derm-varied-K30-0   0.10    0.1288    0.2425     0.2543   -0.0118
  mobileclip2_s0|derm-varied-K30-0   0.10    0.1216    0.1431     0.2425   -0.0994
  mobileclip2_s0|derm-varied-K30-0   0.10    0.1095    0.1686     0.2227   -0.0541
  mobileclip2_s0|derm-varied-K30-0   0.10    0.1126    0.1941     0.2278   -0.0336
  mobileclip2_s0|derm-varied-K30-0   0.10    0.0945    0.1125     0.1980   -0.0855
  mobileclip2_s0|derm-varied-K30-0   0.10    0.1901    0.2382     0.3552   -0.1170
  mobileclip2_s0|derm-varied-K30-0   0.10    0.0562    0.0516     0.1350   -0.0834
  mobileclip2_s0|derm-varied-K30-0   0.10    0.0337    0.0005     0.0979   -0.0974
  mobileclip2_s0|derm-varied-K30-0   0.20    0.0915    0.0296     0.1753   -0.1457
  mobileclip2_s0|derm-varied-K30-0   0.20    0.2430    0.3031     0.4246   -0.1214
  mobileclip2_s0|derm-varied-K30-0   0.20    0.1539    0.1799     0.2780   -0.0981
  mobileclip2_s0|derm-varied-K30-0   0.20    0.1769    0.2531     0.3158   -0.0627
  mobileclip2_s0|derm-varied-K30-0   0.20    0.1288    0.1261     0.2367   -0.1105
  mobileclip2_s0|derm-varied-K30-0   0.20    0.1216    0.1139     0.2249   -0.1110
  mobileclip2_s0|derm-varied-K30-0   0.20    0.1095    0.1215     0.2050   -0.0835
  mobileclip2_s0|derm-varied-K30-0   0.20    0.1126    0.1024     0.2101   -0.1077
  mobileclip2_s0|derm-varied-K30-0   0.20    0.0945    0.0891     0.1803   -0.0912
  mobileclip2_s0|derm-varied-K30-0   0.20    0.1901    0.1329     0.3375   -0.2046
  mobileclip2_s0|derm-varied-K30-0   0.20    0.0562    0.0113     0.1173   -0.1060
  mobileclip2_s0|derm-varied-K30-0   0.20    0.0337    0.0011     0.0803   -0.0792
  mobileclip2_s0|derm-varied-K30-0   0.40    0.0915    0.0138     0.1400   -0.1262
  mobileclip2_s0|derm-varied-K30-0   0.40    0.2430    0.1539     0.3892   -0.2353
  mobileclip2_s0|derm-varied-K30-0   0.40    0.1539    0.0207     0.2427   -0.2220
  mobileclip2_s0|derm-varied-K30-0   0.40    0.1769    0.0857     0.2805   -0.1948
  mobileclip2_s0|derm-varied-K30-0   0.40    0.1288    0.0320     0.2014   -0.1693
  mobileclip2_s0|derm-varied-K30-0   0.40    0.1216    0.0574     0.1896   -0.1321
  mobileclip2_s0|derm-varied-K30-0   0.40    0.1095    0.0537     0.1697   -0.1160
  mobileclip2_s0|derm-varied-K30-0   0.40    0.1126    0.0375     0.1748   -0.1373
  mobileclip2_s0|derm-varied-K30-0   0.40    0.0945    0.0459     0.1450   -0.0991
  mobileclip2_s0|derm-varied-K30-0   0.40    0.1901    0.0496     0.3022   -0.2526
  mobileclip2_s0|derm-varied-K30-0   0.40    0.0562    0.0108     0.0820   -0.0712
  mobileclip2_s0|derm-varied-K30-0   0.40    0.0337    0.0006     0.0450   -0.0444
  mobileclip2_s0|derm-varied-K30-0   0.60    0.0915    0.0011     0.1047   -0.1036
  mobileclip2_s0|derm-varied-K30-0   0.60    0.2430    0.0484     0.3539   -0.3056
  mobileclip2_s0|derm-varied-K30-0   0.60    0.1539    0.0140     0.2074   -0.1934
  mobileclip2_s0|derm-varied-K30-0   0.60    0.1769    0.0461     0.2452   -0.1991
  mobileclip2_s0|derm-varied-K30-0   0.60    0.1288    0.0091     0.1660   -0.1569
  mobileclip2_s0|derm-varied-K30-0   0.60    0.1216    0.0067     0.1543   -0.1476
  mobileclip2_s0|derm-varied-K30-0   0.60    0.1095    0.0041     0.1344   -0.1302
  mobileclip2_s0|derm-varied-K30-0   0.60    0.1126    0.0041     0.1395   -0.1354
  mobileclip2_s0|derm-varied-K30-0   0.60    0.0945    0.0316     0.1097   -0.0781
  mobileclip2_s0|derm-varied-K30-0   0.60    0.1901    0.0032     0.2669   -0.2638
  mobileclip2_s0|derm-varied-K30-0   0.60    0.0562    0.0000     0.0467   -0.0467
  mobileclip2_s0|derm-varied-K30-0   0.60    0.0337    0.0000     0.0097   -0.0097
  mobileclip2_s0|derm-varied-K30-1   0.05    0.0908    0.0908     0.2007   -0.1099
  mobileclip2_s0|derm-varied-K30-1   0.05    0.2056    0.3598     0.3895   -0.0297
  mobileclip2_s0|derm-varied-K30-1   0.05    0.1668    0.2493     0.3257   -0.0764
  mobileclip2_s0|derm-varied-K30-1   0.05    0.1752    0.2739     0.3395   -0.0655
  mobileclip2_s0|derm-varied-K30-1   0.05    0.1711    0.2920     0.3327   -0.0407
  mobileclip2_s0|derm-varied-K30-1   0.05    0.1692    0.3205     0.3296   -0.0091
  mobileclip2_s0|derm-varied-K30-1   0.05    0.1323    0.2199     0.2689   -0.0491
  mobileclip2_s0|derm-varied-K30-1   0.05    0.1349    0.2022     0.2732   -0.0710
  mobileclip2_s0|derm-varied-K30-1   0.05    0.1304    0.1688     0.2659   -0.0971
  mobileclip2_s0|derm-varied-K30-1   0.05    0.1228    0.1094     0.2533   -0.1440
  mobileclip2_s0|derm-varied-K30-1   0.05    0.0512    0.0362     0.1356   -0.0994
  mobileclip2_s0|derm-varied-K30-1   0.05    0.0705    0.0000     0.1673   -0.1673
  mobileclip2_s0|derm-varied-K30-1   0.10    0.0908    0.0787     0.1919   -0.1132
  mobileclip2_s0|derm-varied-K30-1   0.10    0.2056    0.1760     0.3806   -0.2046
  mobileclip2_s0|derm-varied-K30-1   0.10    0.1668    0.1555     0.3168   -0.1614
  mobileclip2_s0|derm-varied-K30-1   0.10    0.1752    0.1686     0.3306   -0.1621
  mobileclip2_s0|derm-varied-K30-1   0.10    0.1711    0.1911     0.3239   -0.1328
  mobileclip2_s0|derm-varied-K30-1   0.10    0.1692    0.1936     0.3208   -0.1272
  mobileclip2_s0|derm-varied-K30-1   0.10    0.1323    0.1355     0.2601   -0.1246
  mobileclip2_s0|derm-varied-K30-1   0.10    0.1349    0.1634     0.2644   -0.1010
  mobileclip2_s0|derm-varied-K30-1   0.10    0.1304    0.1652     0.2571   -0.0919
  mobileclip2_s0|derm-varied-K30-1   0.10    0.1228    0.0995     0.2445   -0.1450
  mobileclip2_s0|derm-varied-K30-1   0.10    0.0512    0.0354     0.1268   -0.0913
  mobileclip2_s0|derm-varied-K30-1   0.10    0.0705    0.0000     0.1584   -0.1584
  mobileclip2_s0|derm-varied-K30-1   0.20    0.0908    0.0598     0.1743   -0.1144
  mobileclip2_s0|derm-varied-K30-1   0.20    0.2056    0.0482     0.3630   -0.3147
  mobileclip2_s0|derm-varied-K30-1   0.20    0.1668    0.0541     0.2992   -0.2451
  mobileclip2_s0|derm-varied-K30-1   0.20    0.1752    0.0733     0.3130   -0.2397
  mobileclip2_s0|derm-varied-K30-1   0.20    0.1711    0.0599     0.3063   -0.2463
  mobileclip2_s0|derm-varied-K30-1   0.20    0.1692    0.0790     0.3032   -0.2242
  mobileclip2_s0|derm-varied-K30-1   0.20    0.1323    0.0720     0.2425   -0.1705
  mobileclip2_s0|derm-varied-K30-1   0.20    0.1349    0.1056     0.2467   -0.1411
  mobileclip2_s0|derm-varied-K30-1   0.20    0.1304    0.1358     0.2394   -0.1036
  mobileclip2_s0|derm-varied-K30-1   0.20    0.1228    0.0551     0.2268   -0.1718
  mobileclip2_s0|derm-varied-K30-1   0.20    0.0512    0.0222     0.1091   -0.0869
  mobileclip2_s0|derm-varied-K30-1   0.20    0.0705    0.0007     0.1408   -0.1401
  mobileclip2_s0|derm-varied-K30-1   0.40    0.0908    0.0215     0.1389   -0.1175
  mobileclip2_s0|derm-varied-K30-1   0.40    0.2056    0.0126     0.3277   -0.3150
  mobileclip2_s0|derm-varied-K30-1   0.40    0.1668    0.0218     0.2639   -0.2421
  mobileclip2_s0|derm-varied-K30-1   0.40    0.1752    0.0583     0.2777   -0.2194
  mobileclip2_s0|derm-varied-K30-1   0.40    0.1711    0.0388     0.2709   -0.2322
  mobileclip2_s0|derm-varied-K30-1   0.40    0.1692    0.0317     0.2678   -0.2361
  mobileclip2_s0|derm-varied-K30-1   0.40    0.1323    0.0481     0.2071   -0.1591
  mobileclip2_s0|derm-varied-K30-1   0.40    0.1349    0.0393     0.2114   -0.1721
  mobileclip2_s0|derm-varied-K30-1   0.40    0.1304    0.0975     0.2041   -0.1066
  mobileclip2_s0|derm-varied-K30-1   0.40    0.1228    0.0131     0.1915   -0.1784
  mobileclip2_s0|derm-varied-K30-1   0.40    0.0512    0.0000     0.0738   -0.0738
  mobileclip2_s0|derm-varied-K30-1   0.40    0.0705    0.0000     0.1055   -0.1055
  mobileclip2_s0|derm-varied-K30-1   0.60    0.0908    0.0016     0.1036   -0.1020
  mobileclip2_s0|derm-varied-K30-1   0.60    0.2056    0.0094     0.2923   -0.2830
  mobileclip2_s0|derm-varied-K30-1   0.60    0.1668    0.0203     0.2286   -0.2083
  mobileclip2_s0|derm-varied-K30-1   0.60    0.1752    0.0510     0.2424   -0.1913
  mobileclip2_s0|derm-varied-K30-1   0.60    0.1711    0.0060     0.2356   -0.2296
  mobileclip2_s0|derm-varied-K30-1   0.60    0.1692    0.0026     0.2325   -0.2299
  mobileclip2_s0|derm-varied-K30-1   0.60    0.1323    0.0047     0.1718   -0.1671
  mobileclip2_s0|derm-varied-K30-1   0.60    0.1349    0.0360     0.1761   -0.1401
  mobileclip2_s0|derm-varied-K30-1   0.60    0.1304    0.0336     0.1688   -0.1352
  mobileclip2_s0|derm-varied-K30-1   0.60    0.1228    0.0085     0.1562   -0.1477
  mobileclip2_s0|derm-varied-K30-1   0.60    0.0512    0.0000     0.0385   -0.0385
  mobileclip2_s0|derm-varied-K30-1   0.60    0.0705    0.0000     0.0702   -0.0702
  mobileclip2_s0|derm-varied-K30-2   0.05    0.0912    0.0846     0.2013   -0.1167
  mobileclip2_s0|derm-varied-K30-2   0.05    0.2680    0.5976     0.4920   +0.1056
  mobileclip2_s0|derm-varied-K30-2   0.05    0.1908    0.3072     0.3651   -0.0579
  mobileclip2_s0|derm-varied-K30-2   0.05    0.1875    0.3072     0.3596   -0.0524
  mobileclip2_s0|derm-varied-K30-2   0.05    0.1626    0.2898     0.3188   -0.0290
  mobileclip2_s0|derm-varied-K30-2   0.05    0.1515    0.2299     0.3005   -0.0706
  mobileclip2_s0|derm-varied-K30-2   0.05    0.1182    0.1999     0.2458   -0.0459
  mobileclip2_s0|derm-varied-K30-2   0.05    0.1202    0.2279     0.2490   -0.0211
  mobileclip2_s0|derm-varied-K30-2   0.05    0.1002    0.1895     0.2162   -0.0267
  mobileclip2_s0|derm-varied-K30-2   0.05    0.1046    0.0954     0.2233   -0.1279
  mobileclip2_s0|derm-varied-K30-2   0.05    0.0987    0.0777     0.2136   -0.1359
  mobileclip2_s0|derm-varied-K30-2   0.05    0.1203    0.1781     0.2492   -0.0711
  mobileclip2_s0|derm-varied-K30-2   0.10    0.0912    0.0703     0.1925   -0.1222
  mobileclip2_s0|derm-varied-K30-2   0.10    0.2680    0.4968     0.4832   +0.0136
  mobileclip2_s0|derm-varied-K30-2   0.10    0.1908    0.2701     0.3562   -0.0861
  mobileclip2_s0|derm-varied-K30-2   0.10    0.1875    0.2319     0.3508   -0.1189
  mobileclip2_s0|derm-varied-K30-2   0.10    0.1626    0.1534     0.3100   -0.1566
  mobileclip2_s0|derm-varied-K30-2   0.10    0.1515    0.1726     0.2917   -0.1191
  mobileclip2_s0|derm-varied-K30-2   0.10    0.1182    0.1617     0.2369   -0.0753
  mobileclip2_s0|derm-varied-K30-2   0.10    0.1202    0.2000     0.2402   -0.0402
  mobileclip2_s0|derm-varied-K30-2   0.10    0.1002    0.1645     0.2074   -0.0428
  mobileclip2_s0|derm-varied-K30-2   0.10    0.1046    0.0300     0.2145   -0.1845
  mobileclip2_s0|derm-varied-K30-2   0.10    0.0987    0.0411     0.2048   -0.1637
  mobileclip2_s0|derm-varied-K30-2   0.10    0.1203    0.1517     0.2403   -0.0886
  mobileclip2_s0|derm-varied-K30-2   0.20    0.0912    0.0346     0.1749   -0.1403
  mobileclip2_s0|derm-varied-K30-2   0.20    0.2680    0.4397     0.4655   -0.0258
  mobileclip2_s0|derm-varied-K30-2   0.20    0.1908    0.2007     0.3386   -0.1379
  mobileclip2_s0|derm-varied-K30-2   0.20    0.1875    0.0922     0.3332   -0.2410
  mobileclip2_s0|derm-varied-K30-2   0.20    0.1626    0.0825     0.2923   -0.2098
  mobileclip2_s0|derm-varied-K30-2   0.20    0.1515    0.1089     0.2740   -0.1651
  mobileclip2_s0|derm-varied-K30-2   0.20    0.1182    0.1408     0.2193   -0.0785
  mobileclip2_s0|derm-varied-K30-2   0.20    0.1202    0.1431     0.2225   -0.0794
  mobileclip2_s0|derm-varied-K30-2   0.20    0.1002    0.1028     0.1897   -0.0869
  mobileclip2_s0|derm-varied-K30-2   0.20    0.1046    0.0304     0.1968   -0.1664
  mobileclip2_s0|derm-varied-K30-2   0.20    0.0987    0.0402     0.1871   -0.1469
  mobileclip2_s0|derm-varied-K30-2   0.20    0.1203    0.1242     0.2227   -0.0985
  mobileclip2_s0|derm-varied-K30-2   0.40    0.0912    0.0012     0.1395   -0.1383
  mobileclip2_s0|derm-varied-K30-2   0.40    0.2680    0.2053     0.4302   -0.2249
  mobileclip2_s0|derm-varied-K30-2   0.40    0.1908    0.0823     0.3033   -0.2210
  mobileclip2_s0|derm-varied-K30-2   0.40    0.1875    0.0130     0.2978   -0.2848
  mobileclip2_s0|derm-varied-K30-2   0.40    0.1626    0.0097     0.2570   -0.2473
  mobileclip2_s0|derm-varied-K30-2   0.40    0.1515    0.0138     0.2387   -0.2249
  mobileclip2_s0|derm-varied-K30-2   0.40    0.1182    0.0778     0.1840   -0.1061
  mobileclip2_s0|derm-varied-K30-2   0.40    0.1202    0.0597     0.1872   -0.1275
  mobileclip2_s0|derm-varied-K30-2   0.40    0.1002    0.0666     0.1544   -0.0878
  mobileclip2_s0|derm-varied-K30-2   0.40    0.1046    0.0081     0.1615   -0.1534
  mobileclip2_s0|derm-varied-K30-2   0.40    0.0987    0.0397     0.1518   -0.1121
  mobileclip2_s0|derm-varied-K30-2   0.40    0.1203    0.0417     0.1874   -0.1457
  mobileclip2_s0|derm-varied-K30-2   0.60    0.0912    0.0005     0.1042   -0.1037
  mobileclip2_s0|derm-varied-K30-2   0.60    0.2680    0.0409     0.3949   -0.3540
  mobileclip2_s0|derm-varied-K30-2   0.60    0.1908    0.0240     0.2680   -0.2439
  mobileclip2_s0|derm-varied-K30-2   0.60    0.1875    0.0018     0.2625   -0.2608
  mobileclip2_s0|derm-varied-K30-2   0.60    0.1626    0.0046     0.2217   -0.2171
  mobileclip2_s0|derm-varied-K30-2   0.60    0.1515    0.0078     0.2034   -0.1956
  mobileclip2_s0|derm-varied-K30-2   0.60    0.1182    0.0046     0.1486   -0.1440
  mobileclip2_s0|derm-varied-K30-2   0.60    0.1202    0.0241     0.1519   -0.1278
  mobileclip2_s0|derm-varied-K30-2   0.60    0.1002    0.0036     0.1191   -0.1155
  mobileclip2_s0|derm-varied-K30-2   0.60    0.1046    0.0005     0.1262   -0.1256
  mobileclip2_s0|derm-varied-K30-2   0.60    0.0987    0.0314     0.1165   -0.0851
  mobileclip2_s0|derm-varied-K30-2   0.60    0.1203    0.0336     0.1521   -0.1185
  mobileclip2_s0|derm-varied-K30-3   0.05    0.0771    0.0962     0.1781   -0.0819
  mobileclip2_s0|derm-varied-K30-3   0.05    0.2401    0.3677     0.4462   -0.0785
  mobileclip2_s0|derm-varied-K30-3   0.05    0.2462    0.4541     0.4562   -0.0021
  mobileclip2_s0|derm-varied-K30-3   0.05    0.2540    0.5239     0.4690   +0.0549
  mobileclip2_s0|derm-varied-K30-3   0.05    0.2116    0.3252     0.3994   -0.0742
  mobileclip2_s0|derm-varied-K30-3   0.05    0.1898    0.3163     0.3635   -0.0472
  mobileclip2_s0|derm-varied-K30-3   0.05    0.0761    0.1369     0.1765   -0.0396
  mobileclip2_s0|derm-varied-K30-3   0.05    0.1717    0.2628     0.3337   -0.0708
  mobileclip2_s0|derm-varied-K30-3   0.05    0.1414    0.2488     0.2838   -0.0350
  mobileclip2_s0|derm-varied-K30-3   0.05    0.1813    0.2485     0.3495   -0.1010
  mobileclip2_s0|derm-varied-K30-3   0.05    0.0624    0.0343     0.1540   -0.1196
  mobileclip2_s0|derm-varied-K30-3   0.05    0.0710    0.0635     0.1681   -0.1046
  mobileclip2_s0|derm-varied-K30-3   0.10    0.0771    0.0883     0.1693   -0.0810
  mobileclip2_s0|derm-varied-K30-3   0.10    0.2401    0.2596     0.4373   -0.1778
  mobileclip2_s0|derm-varied-K30-3   0.10    0.2462    0.3758     0.4474   -0.0716
  mobileclip2_s0|derm-varied-K30-3   0.10    0.2540    0.3375     0.4602   -0.1227
  mobileclip2_s0|derm-varied-K30-3   0.10    0.2116    0.2979     0.3906   -0.0927
  mobileclip2_s0|derm-varied-K30-3   0.10    0.1898    0.2477     0.3547   -0.1070
  mobileclip2_s0|derm-varied-K30-3   0.10    0.0761    0.0839     0.1677   -0.0838
  mobileclip2_s0|derm-varied-K30-3   0.10    0.1717    0.2155     0.3248   -0.1093
  mobileclip2_s0|derm-varied-K30-3   0.10    0.1414    0.1647     0.2750   -0.1103
  mobileclip2_s0|derm-varied-K30-3   0.10    0.1813    0.1628     0.3407   -0.1779
  mobileclip2_s0|derm-varied-K30-3   0.10    0.0624    0.0270     0.1452   -0.1182
  mobileclip2_s0|derm-varied-K30-3   0.10    0.0710    0.0496     0.1592   -0.1097
  mobileclip2_s0|derm-varied-K30-3   0.20    0.0771    0.0482     0.1516   -0.1034
  mobileclip2_s0|derm-varied-K30-3   0.20    0.2401    0.1675     0.4197   -0.2522
  mobileclip2_s0|derm-varied-K30-3   0.20    0.2462    0.2881     0.4297   -0.1416
  mobileclip2_s0|derm-varied-K30-3   0.20    0.2540    0.2389     0.4425   -0.2036
  mobileclip2_s0|derm-varied-K30-3   0.20    0.2116    0.2008     0.3729   -0.1721
  mobileclip2_s0|derm-varied-K30-3   0.20    0.1898    0.2324     0.3370   -0.1047
  mobileclip2_s0|derm-varied-K30-3   0.20    0.0761    0.0261     0.1500   -0.1240
  mobileclip2_s0|derm-varied-K30-3   0.20    0.1717    0.1127     0.3072   -0.1944
  mobileclip2_s0|derm-varied-K30-3   0.20    0.1414    0.1142     0.2573   -0.1431
  mobileclip2_s0|derm-varied-K30-3   0.20    0.1813    0.0908     0.3230   -0.2322
  mobileclip2_s0|derm-varied-K30-3   0.20    0.0624    0.0239     0.1275   -0.1035
  mobileclip2_s0|derm-varied-K30-3   0.20    0.0710    0.0336     0.1416   -0.1080
  mobileclip2_s0|derm-varied-K30-3   0.40    0.0771    0.0293     0.1163   -0.0870
  mobileclip2_s0|derm-varied-K30-3   0.40    0.2401    0.0967     0.3844   -0.2877
  mobileclip2_s0|derm-varied-K30-3   0.40    0.2462    0.1729     0.3944   -0.2215
  mobileclip2_s0|derm-varied-K30-3   0.40    0.2540    0.2171     0.4072   -0.1901
  mobileclip2_s0|derm-varied-K30-3   0.40    0.2116    0.1771     0.3376   -0.1605
  mobileclip2_s0|derm-varied-K30-3   0.40    0.1898    0.0723     0.3017   -0.2294
  mobileclip2_s0|derm-varied-K30-3   0.40    0.0761    0.0062     0.1147   -0.1086
  mobileclip2_s0|derm-varied-K30-3   0.40    0.1717    0.0586     0.2719   -0.2133
  mobileclip2_s0|derm-varied-K30-3   0.40    0.1414    0.0789     0.2220   -0.1431
  mobileclip2_s0|derm-varied-K30-3   0.40    0.1813    0.0255     0.2877   -0.2622
  mobileclip2_s0|derm-varied-K30-3   0.40    0.0624    0.0106     0.0922   -0.0816
  mobileclip2_s0|derm-varied-K30-3   0.40    0.0710    0.0049     0.1063   -0.1014
  mobileclip2_s0|derm-varied-K30-3   0.60    0.0771    0.0244     0.0810   -0.0566
  mobileclip2_s0|derm-varied-K30-3   0.60    0.2401    0.0493     0.3491   -0.2997
  mobileclip2_s0|derm-varied-K30-3   0.60    0.2462    0.1647     0.3591   -0.1944
  mobileclip2_s0|derm-varied-K30-3   0.60    0.2540    0.1495     0.3719   -0.2224
  mobileclip2_s0|derm-varied-K30-3   0.60    0.2116    0.1073     0.3023   -0.1950
  mobileclip2_s0|derm-varied-K30-3   0.60    0.1898    0.0416     0.2664   -0.2248
  mobileclip2_s0|derm-varied-K30-3   0.60    0.0761    0.0017     0.0794   -0.0777
  mobileclip2_s0|derm-varied-K30-3   0.60    0.1717    0.0441     0.2365   -0.1925
  mobileclip2_s0|derm-varied-K30-3   0.60    0.1414    0.0183     0.1867   -0.1684
  mobileclip2_s0|derm-varied-K30-3   0.60    0.1813    0.0235     0.2524   -0.2289
  mobileclip2_s0|derm-varied-K30-3   0.60    0.0624    0.0017     0.0569   -0.0552
  mobileclip2_s0|derm-varied-K30-3   0.60    0.0710    0.0028     0.0710   -0.0681
  text-crowded       0.05    0.1808    0.3973     0.3486   +0.0486
  text-crowded       0.10    0.1808    0.3804     0.3398   +0.0405
  text-crowded       0.20    0.1808    0.3507     0.3222   +0.0285
  text-crowded       0.40    0.1808    0.3142     0.2868   +0.0273
  text-crowded       0.60    0.1808    0.1731     0.2515   -0.0785
  text-varied        0.05    0.0000    0.0000     0.0514   -0.0514
  text-varied        0.10    0.0000    0.0000     0.0425   -0.0425
  text-varied        0.20    0.0000    0.0000     0.0249   -0.0249
  text-varied        0.40    0.0000    0.0000    -0.0104   +0.0104
  text-varied        0.60    0.0000    0.0000    -0.0457   +0.0457
  wav2vec2-base|kws-crowded-K10-0   0.05    0.1084    0.2632     0.2296   +0.0337
  wav2vec2-base|kws-crowded-K10-0   0.05    0.0817    0.1406     0.1857   -0.0451
  wav2vec2-base|kws-crowded-K10-0   0.05    0.0720    0.1225     0.1697   -0.0472
  wav2vec2-base|kws-crowded-K10-0   0.05    0.0563    0.0753     0.1439   -0.0686
  wav2vec2-base|kws-crowded-K10-0   0.05    0.0380    0.0594     0.1139   -0.0545
  wav2vec2-base|kws-crowded-K10-0   0.05    0.0134    0.0115     0.0734   -0.0620
  wav2vec2-base|kws-crowded-K10-0   0.05    0.0715    0.1823     0.1690   +0.0133
  wav2vec2-base|kws-crowded-K10-0   0.05    0.0611    0.0878     0.1518   -0.0641
  wav2vec2-base|kws-crowded-K10-0   0.05    0.0280    0.0187     0.0975   -0.0788
  wav2vec2-base|kws-crowded-K10-0   0.10    0.1084    0.2727     0.2208   +0.0520
  wav2vec2-base|kws-crowded-K10-0   0.10    0.0817    0.1375     0.1769   -0.0394
  wav2vec2-base|kws-crowded-K10-0   0.10    0.0720    0.1246     0.1609   -0.0363
  wav2vec2-base|kws-crowded-K10-0   0.10    0.0563    0.0649     0.1351   -0.0703
  wav2vec2-base|kws-crowded-K10-0   0.10    0.0380    0.0655     0.1051   -0.0395
  wav2vec2-base|kws-crowded-K10-0   0.10    0.0134    0.0076     0.0646   -0.0570
  wav2vec2-base|kws-crowded-K10-0   0.10    0.0715    0.1672     0.1602   +0.0070
  wav2vec2-base|kws-crowded-K10-0   0.10    0.0611    0.0716     0.1430   -0.0714
  wav2vec2-base|kws-crowded-K10-0   0.10    0.0280    0.0108     0.0886   -0.0779
  wav2vec2-base|kws-crowded-K10-0   0.20    0.1084    0.2324     0.2031   +0.0293
  wav2vec2-base|kws-crowded-K10-0   0.20    0.0817    0.1368     0.1593   -0.0224
  wav2vec2-base|kws-crowded-K10-0   0.20    0.0720    0.1077     0.1432   -0.0355
  wav2vec2-base|kws-crowded-K10-0   0.20    0.0563    0.0655     0.1175   -0.0519
  wav2vec2-base|kws-crowded-K10-0   0.20    0.0380    0.0742     0.0874   -0.0132
  wav2vec2-base|kws-crowded-K10-0   0.20    0.0134    0.0033     0.0470   -0.0436
  wav2vec2-base|kws-crowded-K10-0   0.20    0.0715    0.1074     0.1425   -0.0351
  wav2vec2-base|kws-crowded-K10-0   0.20    0.0611    0.0643     0.1254   -0.0611
  wav2vec2-base|kws-crowded-K10-0   0.20    0.0280    0.0069     0.0710   -0.0641
  wav2vec2-base|kws-crowded-K10-0   0.40    0.1084    0.1038     0.1678   -0.0639
  wav2vec2-base|kws-crowded-K10-0   0.40    0.0817    0.1017     0.1239   -0.0222
  wav2vec2-base|kws-crowded-K10-0   0.40    0.0720    0.0815     0.1079   -0.0264
  wav2vec2-base|kws-crowded-K10-0   0.40    0.0563    0.0573     0.0821   -0.0249
  wav2vec2-base|kws-crowded-K10-0   0.40    0.0380    0.0492     0.0521   -0.0029
  wav2vec2-base|kws-crowded-K10-0   0.40    0.0134    0.0021     0.0116   -0.0096
  wav2vec2-base|kws-crowded-K10-0   0.40    0.0715    0.0489     0.1072   -0.0583
  wav2vec2-base|kws-crowded-K10-0   0.40    0.0611    0.0373     0.0900   -0.0528
  wav2vec2-base|kws-crowded-K10-0   0.40    0.0280    0.0055     0.0357   -0.0302
  wav2vec2-base|kws-crowded-K10-0   0.60    0.1084    0.0765     0.1325   -0.0560
  wav2vec2-base|kws-crowded-K10-0   0.60    0.0817    0.0720     0.0886   -0.0166
  wav2vec2-base|kws-crowded-K10-0   0.60    0.0720    0.0726     0.0726   +0.0000
  wav2vec2-base|kws-crowded-K10-0   0.60    0.0563    0.0348     0.0468   -0.0120
  wav2vec2-base|kws-crowded-K10-0   0.60    0.0380    0.0366     0.0168   +0.0198
  wav2vec2-base|kws-crowded-K10-0   0.60    0.0134    0.0027    -0.0237   +0.0263
  wav2vec2-base|kws-crowded-K10-0   0.60    0.0715    0.0245     0.0719   -0.0474
  wav2vec2-base|kws-crowded-K10-0   0.60    0.0611    0.0146     0.0547   -0.0402
  wav2vec2-base|kws-crowded-K10-0   0.60    0.0280    0.0053     0.0003   +0.0050
  wav2vec2-base|kws-crowded-K10-1   0.05    0.0950    0.1844     0.2075   -0.0232
  wav2vec2-base|kws-crowded-K10-1   0.05    0.0726    0.1338     0.1708   -0.0370
  wav2vec2-base|kws-crowded-K10-1   0.05    0.0632    0.0745     0.1553   -0.0808
  wav2vec2-base|kws-crowded-K10-1   0.05    0.0427    0.0414     0.1216   -0.0802
  wav2vec2-base|kws-crowded-K10-1   0.05    0.0338    0.0390     0.1070   -0.0680
  wav2vec2-base|kws-crowded-K10-1   0.05    0.0107    0.0019     0.0690   -0.0672
  wav2vec2-base|kws-crowded-K10-1   0.05    0.0647    0.0738     0.1578   -0.0840
  wav2vec2-base|kws-crowded-K10-1   0.05    0.0496    0.0545     0.1330   -0.0785
  wav2vec2-base|kws-crowded-K10-1   0.05    0.0158    0.0105     0.0773   -0.0668
  wav2vec2-base|kws-crowded-K10-1   0.10    0.0950    0.1789     0.1987   -0.0198
  wav2vec2-base|kws-crowded-K10-1   0.10    0.0726    0.1271     0.1620   -0.0349
  wav2vec2-base|kws-crowded-K10-1   0.10    0.0632    0.0745     0.1465   -0.0720
  wav2vec2-base|kws-crowded-K10-1   0.10    0.0427    0.0380     0.1128   -0.0748
  wav2vec2-base|kws-crowded-K10-1   0.10    0.0338    0.0405     0.0981   -0.0576
  wav2vec2-base|kws-crowded-K10-1   0.10    0.0107    0.0017     0.0602   -0.0585
  wav2vec2-base|kws-crowded-K10-1   0.10    0.0647    0.0738     0.1490   -0.0751
  wav2vec2-base|kws-crowded-K10-1   0.10    0.0496    0.0604     0.1242   -0.0638
  wav2vec2-base|kws-crowded-K10-1   0.10    0.0158    0.0105     0.0685   -0.0580
  wav2vec2-base|kws-crowded-K10-1   0.20    0.0950    0.1650     0.1810   -0.0161
  wav2vec2-base|kws-crowded-K10-1   0.20    0.0726    0.1084     0.1443   -0.0360
  wav2vec2-base|kws-crowded-K10-1   0.20    0.0632    0.0641     0.1288   -0.0648
  wav2vec2-base|kws-crowded-K10-1   0.20    0.0427    0.0340     0.0951   -0.0611
  wav2vec2-base|kws-crowded-K10-1   0.20    0.0338    0.0384     0.0805   -0.0421
  wav2vec2-base|kws-crowded-K10-1   0.20    0.0107    0.0017     0.0425   -0.0409
  wav2vec2-base|kws-crowded-K10-1   0.20    0.0647    0.0573     0.1313   -0.0740
  wav2vec2-base|kws-crowded-K10-1   0.20    0.0496    0.0476     0.1065   -0.0589
  wav2vec2-base|kws-crowded-K10-1   0.20    0.0158    0.0090     0.0508   -0.0418
  wav2vec2-base|kws-crowded-K10-1   0.40    0.0950    0.1130     0.1457   -0.0327
  wav2vec2-base|kws-crowded-K10-1   0.40    0.0726    0.0959     0.1090   -0.0131
  wav2vec2-base|kws-crowded-K10-1   0.40    0.0632    0.0407     0.0935   -0.0528
  wav2vec2-base|kws-crowded-K10-1   0.40    0.0427    0.0269     0.0598   -0.0329
  wav2vec2-base|kws-crowded-K10-1   0.40    0.0338    0.0217     0.0452   -0.0234
  wav2vec2-base|kws-crowded-K10-1   0.40    0.0107    0.0055     0.0072   -0.0017
  wav2vec2-base|kws-crowded-K10-1   0.40    0.0647    0.0376     0.0960   -0.0584
  wav2vec2-base|kws-crowded-K10-1   0.40    0.0496    0.0413     0.0712   -0.0299
  wav2vec2-base|kws-crowded-K10-1   0.40    0.0158    0.0063     0.0155   -0.0092
  wav2vec2-base|kws-crowded-K10-1   0.60    0.0950    0.0844     0.1104   -0.0260
  wav2vec2-base|kws-crowded-K10-1   0.60    0.0726    0.0652     0.0737   -0.0085
  wav2vec2-base|kws-crowded-K10-1   0.60    0.0632    0.0264     0.0582   -0.0318
  wav2vec2-base|kws-crowded-K10-1   0.60    0.0427    0.0173     0.0245   -0.0072
  wav2vec2-base|kws-crowded-K10-1   0.60    0.0338    0.0064     0.0098   -0.0034
  wav2vec2-base|kws-crowded-K10-1   0.60    0.0107    0.0055    -0.0281   +0.0336
  wav2vec2-base|kws-crowded-K10-1   0.60    0.0647    0.0215     0.0607   -0.0392
  wav2vec2-base|kws-crowded-K10-1   0.60    0.0496    0.0246     0.0359   -0.0113
  wav2vec2-base|kws-crowded-K10-1   0.60    0.0158    0.0017    -0.0198   +0.0215
  wav2vec2-base|kws-crowded-K10-2   0.05    0.0653    0.1384     0.1588   -0.0204
  wav2vec2-base|kws-crowded-K10-2   0.05    0.0520    0.1048     0.1369   -0.0320
  wav2vec2-base|kws-crowded-K10-2   0.05    0.0460    0.0963     0.1271   -0.0308
  wav2vec2-base|kws-crowded-K10-2   0.05    0.0392    0.0882     0.1159   -0.0276
  wav2vec2-base|kws-crowded-K10-2   0.05    0.0304    0.0740     0.1014   -0.0273
  wav2vec2-base|kws-crowded-K10-2   0.05    0.0061    0.0135     0.0614   -0.0479
  wav2vec2-base|kws-crowded-K10-2   0.05    0.0506    0.1007     0.1346   -0.0338
  wav2vec2-base|kws-crowded-K10-2   0.05    0.0441    0.0729     0.1239   -0.0510
  wav2vec2-base|kws-crowded-K10-2   0.05    0.0184    0.0245     0.0817   -0.0572
  wav2vec2-base|kws-crowded-K10-2   0.10    0.0653    0.1176     0.1500   -0.0324
  wav2vec2-base|kws-crowded-K10-2   0.10    0.0520    0.1005     0.1280   -0.0275
  wav2vec2-base|kws-crowded-K10-2   0.10    0.0460    0.0919     0.1183   -0.0264
  wav2vec2-base|kws-crowded-K10-2   0.10    0.0392    0.0828     0.1070   -0.0242
  wav2vec2-base|kws-crowded-K10-2   0.10    0.0304    0.0820     0.0926   -0.0106
  wav2vec2-base|kws-crowded-K10-2   0.10    0.0061    0.0135     0.0525   -0.0391
  wav2vec2-base|kws-crowded-K10-2   0.10    0.0506    0.1007     0.1257   -0.0250
  wav2vec2-base|kws-crowded-K10-2   0.10    0.0441    0.0601     0.1151   -0.0551
  wav2vec2-base|kws-crowded-K10-2   0.10    0.0184    0.0245     0.0729   -0.0484
  wav2vec2-base|kws-crowded-K10-2   0.20    0.0653    0.1078     0.1323   -0.0245
  wav2vec2-base|kws-crowded-K10-2   0.20    0.0520    0.0841     0.1104   -0.0262
  wav2vec2-base|kws-crowded-K10-2   0.20    0.0460    0.0948     0.1006   -0.0058
  wav2vec2-base|kws-crowded-K10-2   0.20    0.0392    0.0755     0.0894   -0.0138
  wav2vec2-base|kws-crowded-K10-2   0.20    0.0304    0.0746     0.0749   -0.0003
  wav2vec2-base|kws-crowded-K10-2   0.20    0.0061    0.0135     0.0349   -0.0214
  wav2vec2-base|kws-crowded-K10-2   0.20    0.0506    0.0866     0.1081   -0.0215
  wav2vec2-base|kws-crowded-K10-2   0.20    0.0441    0.0516     0.0975   -0.0459
  wav2vec2-base|kws-crowded-K10-2   0.20    0.0184    0.0245     0.0552   -0.0307
  wav2vec2-base|kws-crowded-K10-2   0.40    0.0653    0.0699     0.0970   -0.0272
  wav2vec2-base|kws-crowded-K10-2   0.40    0.0520    0.0724     0.0751   -0.0027
  wav2vec2-base|kws-crowded-K10-2   0.40    0.0460    0.0719     0.0653   +0.0066
  wav2vec2-base|kws-crowded-K10-2   0.40    0.0392    0.0610     0.0541   +0.0069
  wav2vec2-base|kws-crowded-K10-2   0.40    0.0304    0.0683     0.0396   +0.0287
  wav2vec2-base|kws-crowded-K10-2   0.40    0.0061    0.0082    -0.0004   +0.0086
  wav2vec2-base|kws-crowded-K10-2   0.40    0.0506    0.0453     0.0728   -0.0275
  wav2vec2-base|kws-crowded-K10-2   0.40    0.0441    0.0435     0.0622   -0.0187
  wav2vec2-base|kws-crowded-K10-2   0.40    0.0184    0.0285     0.0199   +0.0086
  wav2vec2-base|kws-crowded-K10-2   0.60    0.0653    0.0686     0.0617   +0.0069
  wav2vec2-base|kws-crowded-K10-2   0.60    0.0520    0.0629     0.0397   +0.0231
  wav2vec2-base|kws-crowded-K10-2   0.60    0.0460    0.0607     0.0300   +0.0307
  wav2vec2-base|kws-crowded-K10-2   0.60    0.0392    0.0580     0.0187   +0.0393
  wav2vec2-base|kws-crowded-K10-2   0.60    0.0304    0.0626     0.0043   +0.0583
  wav2vec2-base|kws-crowded-K10-2   0.60    0.0061    0.0070    -0.0357   +0.0428
  wav2vec2-base|kws-crowded-K10-2   0.60    0.0506    0.0245     0.0374   -0.0129
  wav2vec2-base|kws-crowded-K10-2   0.60    0.0441    0.0369     0.0268   +0.0101
  wav2vec2-base|kws-crowded-K10-2   0.60    0.0184    0.0139    -0.0154   +0.0293
  wav2vec2-base|kws-crowded-K14-0   0.05    0.0833    0.1337     0.1883   -0.0546
  wav2vec2-base|kws-crowded-K14-0   0.05    0.0680    0.1159     0.1633   -0.0474
  wav2vec2-base|kws-crowded-K14-0   0.05    0.0839    0.1544     0.1894   -0.0351
  wav2vec2-base|kws-crowded-K14-0   0.05    0.0522    0.0805     0.1373   -0.0568
  wav2vec2-base|kws-crowded-K14-0   0.05    0.0459    0.0727     0.1269   -0.0542
  wav2vec2-base|kws-crowded-K14-0   0.05    0.0264    0.0500     0.0948   -0.0448
  wav2vec2-base|kws-crowded-K14-0   0.05    0.0191    0.0303     0.0828   -0.0524
  wav2vec2-base|kws-crowded-K14-0   0.05    0.0883    0.1172     0.1965   -0.0794
  wav2vec2-base|kws-crowded-K14-0   0.05    0.0410    0.0442     0.1188   -0.0746
  wav2vec2-base|kws-crowded-K14-0   0.05    0.0379    0.0616     0.1137   -0.0521
  wav2vec2-base|kws-crowded-K14-0   0.10    0.0833    0.1326     0.1795   -0.0468
  wav2vec2-base|kws-crowded-K14-0   0.10    0.0680    0.0962     0.1544   -0.0582
  wav2vec2-base|kws-crowded-K14-0   0.10    0.0839    0.1390     0.1806   -0.0415
  wav2vec2-base|kws-crowded-K14-0   0.10    0.0522    0.0731     0.1284   -0.0553
  wav2vec2-base|kws-crowded-K14-0   0.10    0.0459    0.0697     0.1181   -0.0484
  wav2vec2-base|kws-crowded-K14-0   0.10    0.0264    0.0470     0.0859   -0.0389
  wav2vec2-base|kws-crowded-K14-0   0.10    0.0191    0.0294     0.0739   -0.0445
  wav2vec2-base|kws-crowded-K14-0   0.10    0.0883    0.1104     0.1877   -0.0773
  wav2vec2-base|kws-crowded-K14-0   0.10    0.0410    0.0383     0.1100   -0.0716
  wav2vec2-base|kws-crowded-K14-0   0.10    0.0379    0.0616     0.1048   -0.0432
  wav2vec2-base|kws-crowded-K14-0   0.20    0.0833    0.1116     0.1618   -0.0502
  wav2vec2-base|kws-crowded-K14-0   0.20    0.0680    0.0733     0.1368   -0.0634
  wav2vec2-base|kws-crowded-K14-0   0.20    0.0839    0.1237     0.1629   -0.0392
  wav2vec2-base|kws-crowded-K14-0   0.20    0.0522    0.0515     0.1108   -0.0592
  wav2vec2-base|kws-crowded-K14-0   0.20    0.0459    0.0616     0.1004   -0.0389
  wav2vec2-base|kws-crowded-K14-0   0.20    0.0264    0.0455     0.0683   -0.0228
  wav2vec2-base|kws-crowded-K14-0   0.20    0.0191    0.0287     0.0563   -0.0276
  wav2vec2-base|kws-crowded-K14-0   0.20    0.0883    0.0816     0.1700   -0.0884
  wav2vec2-base|kws-crowded-K14-0   0.20    0.0410    0.0331     0.0923   -0.0592
  wav2vec2-base|kws-crowded-K14-0   0.20    0.0379    0.0454     0.0872   -0.0418
  wav2vec2-base|kws-crowded-K14-0   0.40    0.0833    0.0858     0.1265   -0.0407
  wav2vec2-base|kws-crowded-K14-0   0.40    0.0680    0.0520     0.1015   -0.0495
  wav2vec2-base|kws-crowded-K14-0   0.40    0.0839    0.1091     0.1276   -0.0185
  wav2vec2-base|kws-crowded-K14-0   0.40    0.0522    0.0304     0.0755   -0.0451
  wav2vec2-base|kws-crowded-K14-0   0.40    0.0459    0.0485     0.0651   -0.0166
  wav2vec2-base|kws-crowded-K14-0   0.40    0.0264    0.0341     0.0330   +0.0011
  wav2vec2-base|kws-crowded-K14-0   0.40    0.0191    0.0263     0.0210   +0.0053
  wav2vec2-base|kws-crowded-K14-0   0.40    0.0883    0.0631     0.1347   -0.0716
  wav2vec2-base|kws-crowded-K14-0   0.40    0.0410    0.0206     0.0570   -0.0364
  wav2vec2-base|kws-crowded-K14-0   0.40    0.0379    0.0409     0.0519   -0.0110
  wav2vec2-base|kws-crowded-K14-0   0.60    0.0833    0.0359     0.0912   -0.0553
  wav2vec2-base|kws-crowded-K14-0   0.60    0.0680    0.0399     0.0662   -0.0262
  wav2vec2-base|kws-crowded-K14-0   0.60    0.0839    0.0719     0.0923   -0.0204
  wav2vec2-base|kws-crowded-K14-0   0.60    0.0522    0.0251     0.0401   -0.0151
  wav2vec2-base|kws-crowded-K14-0   0.60    0.0459    0.0350     0.0298   +0.0052
  wav2vec2-base|kws-crowded-K14-0   0.60    0.0264    0.0132    -0.0023   +0.0155
  wav2vec2-base|kws-crowded-K14-0   0.60    0.0191    0.0099    -0.0143   +0.0242
  wav2vec2-base|kws-crowded-K14-0   0.60    0.0883    0.0547     0.0994   -0.0447
  wav2vec2-base|kws-crowded-K14-0   0.60    0.0410    0.0074     0.0217   -0.0143
  wav2vec2-base|kws-crowded-K14-0   0.60    0.0379    0.0263     0.0166   +0.0097
  wav2vec2-base|kws-crowded-K14-1   0.05    0.0961    0.1159     0.2094   -0.0935
  wav2vec2-base|kws-crowded-K14-1   0.05    0.0736    0.0945     0.1724   -0.0779
  wav2vec2-base|kws-crowded-K14-1   0.05    0.0518    0.0775     0.1366   -0.0591
  wav2vec2-base|kws-crowded-K14-1   0.05    0.0576    0.0575     0.1462   -0.0886
  wav2vec2-base|kws-crowded-K14-1   0.05    0.0513    0.0578     0.1357   -0.0779
  wav2vec2-base|kws-crowded-K14-1   0.05    0.0336    0.0389     0.1067   -0.0678
  wav2vec2-base|kws-crowded-K14-1   0.05    0.0322    0.0416     0.1043   -0.0627
  wav2vec2-base|kws-crowded-K14-1   0.05    0.0859    0.1232     0.1927   -0.0695
  wav2vec2-base|kws-crowded-K14-1   0.05    0.0398    0.0274     0.1168   -0.0893
  wav2vec2-base|kws-crowded-K14-1   0.05    0.0185    0.0189     0.0818   -0.0628
  wav2vec2-base|kws-crowded-K14-1   0.10    0.0961    0.1163     0.2006   -0.0843
  wav2vec2-base|kws-crowded-K14-1   0.10    0.0736    0.0911     0.1636   -0.0725
  wav2vec2-base|kws-crowded-K14-1   0.10    0.0518    0.0650     0.1277   -0.0628
  wav2vec2-base|kws-crowded-K14-1   0.10    0.0576    0.0570     0.1373   -0.0803
  wav2vec2-base|kws-crowded-K14-1   0.10    0.0513    0.0539     0.1268   -0.0729
  wav2vec2-base|kws-crowded-K14-1   0.10    0.0336    0.0361     0.0979   -0.0618
  wav2vec2-base|kws-crowded-K14-1   0.10    0.0322    0.0416     0.0955   -0.0538
  wav2vec2-base|kws-crowded-K14-1   0.10    0.0859    0.0930     0.1839   -0.0908
  wav2vec2-base|kws-crowded-K14-1   0.10    0.0398    0.0257     0.1079   -0.0823
  wav2vec2-base|kws-crowded-K14-1   0.10    0.0185    0.0207     0.0729   -0.0523
  wav2vec2-base|kws-crowded-K14-1   0.20    0.0961    0.0982     0.1829   -0.0847
  wav2vec2-base|kws-crowded-K14-1   0.20    0.0736    0.0629     0.1459   -0.0830
  wav2vec2-base|kws-crowded-K14-1   0.20    0.0518    0.0509     0.1101   -0.0592
  wav2vec2-base|kws-crowded-K14-1   0.20    0.0576    0.0465     0.1197   -0.0732
  wav2vec2-base|kws-crowded-K14-1   0.20    0.0513    0.0465     0.1092   -0.0627
  wav2vec2-base|kws-crowded-K14-1   0.20    0.0336    0.0329     0.0802   -0.0473
  wav2vec2-base|kws-crowded-K14-1   0.20    0.0322    0.0286     0.0778   -0.0493
  wav2vec2-base|kws-crowded-K14-1   0.20    0.0859    0.0897     0.1662   -0.0765
  wav2vec2-base|kws-crowded-K14-1   0.20    0.0398    0.0277     0.0903   -0.0626
  wav2vec2-base|kws-crowded-K14-1   0.20    0.0185    0.0171     0.0553   -0.0382
  wav2vec2-base|kws-crowded-K14-1   0.40    0.0961    0.0486     0.1476   -0.0990
  wav2vec2-base|kws-crowded-K14-1   0.40    0.0736    0.0424     0.1106   -0.0682
  wav2vec2-base|kws-crowded-K14-1   0.40    0.0518    0.0415     0.0748   -0.0333
  wav2vec2-base|kws-crowded-K14-1   0.40    0.0576    0.0336     0.0844   -0.0508
  wav2vec2-base|kws-crowded-K14-1   0.40    0.0513    0.0326     0.0739   -0.0413
  wav2vec2-base|kws-crowded-K14-1   0.40    0.0336    0.0237     0.0449   -0.0212
  wav2vec2-base|kws-crowded-K14-1   0.40    0.0322    0.0258     0.0425   -0.0168
  wav2vec2-base|kws-crowded-K14-1   0.40    0.0859    0.0724     0.1309   -0.0585
  wav2vec2-base|kws-crowded-K14-1   0.40    0.0398    0.0233     0.0550   -0.0316
  wav2vec2-base|kws-crowded-K14-1   0.40    0.0185    0.0064     0.0200   -0.0136
  wav2vec2-base|kws-crowded-K14-1   0.60    0.0961    0.0312     0.1123   -0.0810
  wav2vec2-base|kws-crowded-K14-1   0.60    0.0736    0.0268     0.0753   -0.0485
  wav2vec2-base|kws-crowded-K14-1   0.60    0.0518    0.0276     0.0395   -0.0118
  wav2vec2-base|kws-crowded-K14-1   0.60    0.0576    0.0202     0.0490   -0.0288
  wav2vec2-base|kws-crowded-K14-1   0.60    0.0513    0.0236     0.0386   -0.0150
  wav2vec2-base|kws-crowded-K14-1   0.60    0.0336    0.0135     0.0096   +0.0039
  wav2vec2-base|kws-crowded-K14-1   0.60    0.0322    0.0145     0.0072   +0.0073
  wav2vec2-base|kws-crowded-K14-1   0.60    0.0859    0.0406     0.0956   -0.0550
  wav2vec2-base|kws-crowded-K14-1   0.60    0.0398    0.0166     0.0197   -0.0030
  wav2vec2-base|kws-crowded-K14-1   0.60    0.0185    0.0051    -0.0153   +0.0205
  wav2vec2-base|kws-crowded-K14-2   0.05    0.1206    0.2428     0.2497   -0.0069
  wav2vec2-base|kws-crowded-K14-2   0.05    0.0775    0.1520     0.1788   -0.0269
  wav2vec2-base|kws-crowded-K14-2   0.05    0.0630    0.0646     0.1549   -0.0904
  wav2vec2-base|kws-crowded-K14-2   0.05    0.0462    0.0881     0.1274   -0.0393
  wav2vec2-base|kws-crowded-K14-2   0.05    0.0322    0.0580     0.1043   -0.0464
  wav2vec2-base|kws-crowded-K14-2   0.05    0.0279    0.0506     0.0973   -0.0467
  wav2vec2-base|kws-crowded-K14-2   0.05    0.0165    0.0238     0.0785   -0.0547
  wav2vec2-base|kws-crowded-K14-2   0.05    0.0771    0.1083     0.1782   -0.0699
  wav2vec2-base|kws-crowded-K14-2   0.05    0.0390    0.0402     0.1155   -0.0753
  wav2vec2-base|kws-crowded-K14-2   0.05    0.0371    0.0301     0.1123   -0.0822
  wav2vec2-base|kws-crowded-K14-2   0.10    0.1206    0.2312     0.2409   -0.0097
  wav2vec2-base|kws-crowded-K14-2   0.10    0.0775    0.1379     0.1700   -0.0322
  wav2vec2-base|kws-crowded-K14-2   0.10    0.0630    0.0646     0.1461   -0.0815
  wav2vec2-base|kws-crowded-K14-2   0.10    0.0462    0.0810     0.1186   -0.0375
  wav2vec2-base|kws-crowded-K14-2   0.10    0.0322    0.0580     0.0955   -0.0376
  wav2vec2-base|kws-crowded-K14-2   0.10    0.0279    0.0474     0.0885   -0.0411
  wav2vec2-base|kws-crowded-K14-2   0.10    0.0165    0.0238     0.0696   -0.0458
  wav2vec2-base|kws-crowded-K14-2   0.10    0.0771    0.0994     0.1693   -0.0700
  wav2vec2-base|kws-crowded-K14-2   0.10    0.0390    0.0403     0.1066   -0.0663
  wav2vec2-base|kws-crowded-K14-2   0.10    0.0371    0.0301     0.1035   -0.0734
  wav2vec2-base|kws-crowded-K14-2   0.20    0.1206    0.2177     0.2232   -0.0056
  wav2vec2-base|kws-crowded-K14-2   0.20    0.0775    0.1423     0.1524   -0.0101
  wav2vec2-base|kws-crowded-K14-2   0.20    0.0630    0.0646     0.1285   -0.0639
  wav2vec2-base|kws-crowded-K14-2   0.20    0.0462    0.0710     0.1009   -0.0299
  wav2vec2-base|kws-crowded-K14-2   0.20    0.0322    0.0556     0.0779   -0.0222
  wav2vec2-base|kws-crowded-K14-2   0.20    0.0279    0.0441     0.0708   -0.0267
  wav2vec2-base|kws-crowded-K14-2   0.20    0.0165    0.0273     0.0520   -0.0247
  wav2vec2-base|kws-crowded-K14-2   0.20    0.0771    0.0906     0.1517   -0.0610
  wav2vec2-base|kws-crowded-K14-2   0.20    0.0390    0.0279     0.0890   -0.0611
  wav2vec2-base|kws-crowded-K14-2   0.20    0.0371    0.0179     0.0858   -0.0680
  wav2vec2-base|kws-crowded-K14-2   0.40    0.1206    0.1440     0.1879   -0.0440
  wav2vec2-base|kws-crowded-K14-2   0.40    0.0775    0.0853     0.1170   -0.0317
  wav2vec2-base|kws-crowded-K14-2   0.40    0.0630    0.0471     0.0931   -0.0460
  wav2vec2-base|kws-crowded-K14-2   0.40    0.0462    0.0597     0.0656   -0.0059
  wav2vec2-base|kws-crowded-K14-2   0.40    0.0322    0.0344     0.0426   -0.0081
  wav2vec2-base|kws-crowded-K14-2   0.40    0.0279    0.0362     0.0355   +0.0007
  wav2vec2-base|kws-crowded-K14-2   0.40    0.0165    0.0218     0.0167   +0.0052
  wav2vec2-base|kws-crowded-K14-2   0.40    0.0771    0.0607     0.1164   -0.0556
  wav2vec2-base|kws-crowded-K14-2   0.40    0.0390    0.0297     0.0537   -0.0240
  wav2vec2-base|kws-crowded-K14-2   0.40    0.0371    0.0131     0.0505   -0.0374
  wav2vec2-base|kws-crowded-K14-2   0.60    0.1206    0.1020     0.1526   -0.0507
  wav2vec2-base|kws-crowded-K14-2   0.60    0.0775    0.0516     0.0817   -0.0301
  wav2vec2-base|kws-crowded-K14-2   0.60    0.0630    0.0383     0.0578   -0.0195
  wav2vec2-base|kws-crowded-K14-2   0.60    0.0462    0.0477     0.0303   +0.0174
  wav2vec2-base|kws-crowded-K14-2   0.60    0.0322    0.0308     0.0072   +0.0235
  wav2vec2-base|kws-crowded-K14-2   0.60    0.0279    0.0241     0.0002   +0.0239
  wav2vec2-base|kws-crowded-K14-2   0.60    0.0165    0.0202    -0.0187   +0.0388
  wav2vec2-base|kws-crowded-K14-2   0.60    0.0771    0.0482     0.0810   -0.0328
  wav2vec2-base|kws-crowded-K14-2   0.60    0.0390    0.0142     0.0183   -0.0041
  wav2vec2-base|kws-crowded-K14-2   0.60    0.0371    0.0070     0.0152   -0.0082
  wav2vec2-base|kws-varied-K10-0   0.05    0.0405    0.0569     0.1180   -0.0611
  wav2vec2-base|kws-varied-K10-0   0.05    0.0600    0.1363     0.1501   -0.0138
  wav2vec2-base|kws-varied-K10-0   0.05    0.0405    0.0569     0.1180   -0.0611
  wav2vec2-base|kws-varied-K10-0   0.05    0.0391    0.0545     0.1156   -0.0612
  wav2vec2-base|kws-varied-K10-0   0.05    0.0236    0.0537     0.0902   -0.0365
  wav2vec2-base|kws-varied-K10-0   0.05    0.0230    0.0497     0.0892   -0.0395
  wav2vec2-base|kws-varied-K10-0   0.05    0.0128    0.0057     0.0725   -0.0668
  wav2vec2-base|kws-varied-K10-0   0.05    0.0556    0.0678     0.1428   -0.0750
  wav2vec2-base|kws-varied-K10-0   0.05    0.0526    0.0859     0.1379   -0.0520
  wav2vec2-base|kws-varied-K10-0   0.05    0.0176    0.0380     0.0804   -0.0424
  wav2vec2-base|kws-varied-K10-0   0.10    0.0405    0.0678     0.1092   -0.0414
  wav2vec2-base|kws-varied-K10-0   0.10    0.0600    0.1039     0.1413   -0.0374
  wav2vec2-base|kws-varied-K10-0   0.10    0.0405    0.0678     0.1092   -0.0414
  wav2vec2-base|kws-varied-K10-0   0.10    0.0391    0.0517     0.1068   -0.0551
  wav2vec2-base|kws-varied-K10-0   0.10    0.0236    0.0442     0.0814   -0.0372
  wav2vec2-base|kws-varied-K10-0   0.10    0.0230    0.0440     0.0804   -0.0364
  wav2vec2-base|kws-varied-K10-0   0.10    0.0128    0.0057     0.0636   -0.0579
  wav2vec2-base|kws-varied-K10-0   0.10    0.0556    0.0516     0.1340   -0.0824
  wav2vec2-base|kws-varied-K10-0   0.10    0.0526    0.0681     0.1290   -0.0610
  wav2vec2-base|kws-varied-K10-0   0.10    0.0176    0.0263     0.0715   -0.0453
  wav2vec2-base|kws-varied-K10-0   0.20    0.0405    0.0386     0.0915   -0.0529
  wav2vec2-base|kws-varied-K10-0   0.20    0.0600    0.0802     0.1236   -0.0434
  wav2vec2-base|kws-varied-K10-0   0.20    0.0405    0.0386     0.0915   -0.0529
  wav2vec2-base|kws-varied-K10-0   0.20    0.0391    0.0380     0.0892   -0.0512
  wav2vec2-base|kws-varied-K10-0   0.20    0.0236    0.0354     0.0638   -0.0283
  wav2vec2-base|kws-varied-K10-0   0.20    0.0230    0.0435     0.0627   -0.0192
  wav2vec2-base|kws-varied-K10-0   0.20    0.0128    0.0128     0.0460   -0.0332
  wav2vec2-base|kws-varied-K10-0   0.20    0.0556    0.0269     0.1164   -0.0895
  wav2vec2-base|kws-varied-K10-0   0.20    0.0526    0.0500     0.1114   -0.0614
  wav2vec2-base|kws-varied-K10-0   0.20    0.0176    0.0112     0.0539   -0.0427
  wav2vec2-base|kws-varied-K10-0   0.40    0.0405    0.0236     0.0562   -0.0326
  wav2vec2-base|kws-varied-K10-0   0.40    0.0600    0.0391     0.0883   -0.0492
  wav2vec2-base|kws-varied-K10-0   0.40    0.0405    0.0236     0.0562   -0.0326
  wav2vec2-base|kws-varied-K10-0   0.40    0.0391    0.0238     0.0538   -0.0300
  wav2vec2-base|kws-varied-K10-0   0.40    0.0236    0.0192     0.0284   -0.0093
  wav2vec2-base|kws-varied-K10-0   0.40    0.0230    0.0192     0.0274   -0.0082
  wav2vec2-base|kws-varied-K10-0   0.40    0.0128    0.0028     0.0107   -0.0078
  wav2vec2-base|kws-varied-K10-0   0.40    0.0556    0.0123     0.0810   -0.0688
  wav2vec2-base|kws-varied-K10-0   0.40    0.0526    0.0260     0.0761   -0.0500
  wav2vec2-base|kws-varied-K10-0   0.40    0.0176    0.0094     0.0186   -0.0092
  wav2vec2-base|kws-varied-K10-0   0.60    0.0405    0.0109     0.0209   -0.0100
  wav2vec2-base|kws-varied-K10-0   0.60    0.0600    0.0243     0.0530   -0.0287
  wav2vec2-base|kws-varied-K10-0   0.60    0.0405    0.0109     0.0209   -0.0100
  wav2vec2-base|kws-varied-K10-0   0.60    0.0391    0.0111     0.0185   -0.0075
  wav2vec2-base|kws-varied-K10-0   0.60    0.0236    0.0150    -0.0069   +0.0219
  wav2vec2-base|kws-varied-K10-0   0.60    0.0230    0.0074    -0.0079   +0.0153
  wav2vec2-base|kws-varied-K10-0   0.60    0.0128    0.0022    -0.0246   +0.0269
  wav2vec2-base|kws-varied-K10-0   0.60    0.0556    0.0020     0.0457   -0.0437
  wav2vec2-base|kws-varied-K10-0   0.60    0.0526    0.0263     0.0408   -0.0145
  wav2vec2-base|kws-varied-K10-0   0.60    0.0176    0.0063    -0.0168   +0.0230
  wav2vec2-base|kws-varied-K10-1   0.05    0.0493    0.0609     0.1325   -0.0716
  wav2vec2-base|kws-varied-K10-1   0.05    0.0623    0.0924     0.1539   -0.0614
  wav2vec2-base|kws-varied-K10-1   0.05    0.0493    0.0609     0.1325   -0.0716
  wav2vec2-base|kws-varied-K10-1   0.05    0.0341    0.0559     0.1074   -0.0515
  wav2vec2-base|kws-varied-K10-1   0.05    0.0324    0.0620     0.1046   -0.0426
  wav2vec2-base|kws-varied-K10-1   0.05    0.0305    0.0565     0.1016   -0.0451
  wav2vec2-base|kws-varied-K10-1   0.05    0.0165    0.0315     0.0785   -0.0470
  wav2vec2-base|kws-varied-K10-1   0.05    0.0593    0.0640     0.1489   -0.0849
  wav2vec2-base|kws-varied-K10-1   0.05    0.0223    0.0220     0.0880   -0.0660
  wav2vec2-base|kws-varied-K10-1   0.05    0.0307    0.0480     0.1019   -0.0538
  wav2vec2-base|kws-varied-K10-1   0.10    0.0493    0.0572     0.1237   -0.0665
  wav2vec2-base|kws-varied-K10-1   0.10    0.0623    0.0775     0.1450   -0.0675
  wav2vec2-base|kws-varied-K10-1   0.10    0.0493    0.0572     0.1237   -0.0665
  wav2vec2-base|kws-varied-K10-1   0.10    0.0341    0.0542     0.0986   -0.0444
  wav2vec2-base|kws-varied-K10-1   0.10    0.0324    0.0475     0.0958   -0.0483
  wav2vec2-base|kws-varied-K10-1   0.10    0.0305    0.0475     0.0928   -0.0453
  wav2vec2-base|kws-varied-K10-1   0.10    0.0165    0.0224     0.0696   -0.0472
  wav2vec2-base|kws-varied-K10-1   0.10    0.0593    0.0543     0.1401   -0.0858
  wav2vec2-base|kws-varied-K10-1   0.10    0.0223    0.0102     0.0792   -0.0690
  wav2vec2-base|kws-varied-K10-1   0.10    0.0307    0.0385     0.0930   -0.0545
  wav2vec2-base|kws-varied-K10-1   0.20    0.0493    0.0418     0.1060   -0.0642
  wav2vec2-base|kws-varied-K10-1   0.20    0.0623    0.0445     0.1274   -0.0828
  wav2vec2-base|kws-varied-K10-1   0.20    0.0493    0.0418     0.1060   -0.0642
  wav2vec2-base|kws-varied-K10-1   0.20    0.0341    0.0420     0.0809   -0.0390
  wav2vec2-base|kws-varied-K10-1   0.20    0.0324    0.0382     0.0781   -0.0399
  wav2vec2-base|kws-varied-K10-1   0.20    0.0305    0.0356     0.0751   -0.0395
  wav2vec2-base|kws-varied-K10-1   0.20    0.0165    0.0160     0.0520   -0.0360
  wav2vec2-base|kws-varied-K10-1   0.20    0.0593    0.0441     0.1224   -0.0783
  wav2vec2-base|kws-varied-K10-1   0.20    0.0223    0.0060     0.0615   -0.0555
  wav2vec2-base|kws-varied-K10-1   0.20    0.0307    0.0230     0.0754   -0.0524
  wav2vec2-base|kws-varied-K10-1   0.40    0.0493    0.0201     0.0707   -0.0506
  wav2vec2-base|kws-varied-K10-1   0.40    0.0623    0.0220     0.0921   -0.0700
  wav2vec2-base|kws-varied-K10-1   0.40    0.0493    0.0201     0.0707   -0.0506
  wav2vec2-base|kws-varied-K10-1   0.40    0.0341    0.0142     0.0456   -0.0315
  wav2vec2-base|kws-varied-K10-1   0.40    0.0324    0.0139     0.0428   -0.0289
  wav2vec2-base|kws-varied-K10-1   0.40    0.0305    0.0137     0.0398   -0.0261
  wav2vec2-base|kws-varied-K10-1   0.40    0.0165    0.0106     0.0167   -0.0061
  wav2vec2-base|kws-varied-K10-1   0.40    0.0593    0.0175     0.0871   -0.0696
  wav2vec2-base|kws-varied-K10-1   0.40    0.0223    0.0082     0.0262   -0.0180
  wav2vec2-base|kws-varied-K10-1   0.40    0.0307    0.0146     0.0401   -0.0255
  wav2vec2-base|kws-varied-K10-1   0.60    0.0493    0.0110     0.0354   -0.0244
  wav2vec2-base|kws-varied-K10-1   0.60    0.0623    0.0176     0.0568   -0.0391
  wav2vec2-base|kws-varied-K10-1   0.60    0.0493    0.0110     0.0354   -0.0244
  wav2vec2-base|kws-varied-K10-1   0.60    0.0341    0.0088     0.0103   -0.0015
  wav2vec2-base|kws-varied-K10-1   0.60    0.0324    0.0058     0.0075   -0.0017
  wav2vec2-base|kws-varied-K10-1   0.60    0.0305    0.0113     0.0045   +0.0068
  wav2vec2-base|kws-varied-K10-1   0.60    0.0165    0.0083    -0.0186   +0.0270
  wav2vec2-base|kws-varied-K10-1   0.60    0.0593    0.0147     0.0518   -0.0371
  wav2vec2-base|kws-varied-K10-1   0.60    0.0223    0.0000    -0.0091   +0.0091
  wav2vec2-base|kws-varied-K10-1   0.60    0.0307    0.0073     0.0048   +0.0026
  wav2vec2-base|kws-varied-K10-2   0.05    0.0544    0.1068     0.1408   -0.0340
  wav2vec2-base|kws-varied-K10-2   0.05    0.0979    0.2333     0.2124   +0.0209
  wav2vec2-base|kws-varied-K10-2   0.05    0.0544    0.1068     0.1408   -0.0340
  wav2vec2-base|kws-varied-K10-2   0.05    0.0419    0.0800     0.1203   -0.0403
  wav2vec2-base|kws-varied-K10-2   0.05    0.0326    0.0474     0.1049   -0.0576
  wav2vec2-base|kws-varied-K10-2   0.05    0.0304    0.0405     0.1014   -0.0609
  wav2vec2-base|kws-varied-K10-2   0.05    0.0072    0.0022     0.0633   -0.0611
  wav2vec2-base|kws-varied-K10-2   0.05    0.0617    0.1175     0.1529   -0.0354
  wav2vec2-base|kws-varied-K10-2   0.05    0.0339    0.0339     0.1072   -0.0733
  wav2vec2-base|kws-varied-K10-2   0.05    0.0187    0.0129     0.0821   -0.0692
  wav2vec2-base|kws-varied-K10-2   0.10    0.0544    0.1140     0.1320   -0.0179
  wav2vec2-base|kws-varied-K10-2   0.10    0.0979    0.2109     0.2035   +0.0073
  wav2vec2-base|kws-varied-K10-2   0.10    0.0544    0.1140     0.1320   -0.0179
  wav2vec2-base|kws-varied-K10-2   0.10    0.0419    0.0554     0.1115   -0.0561
  wav2vec2-base|kws-varied-K10-2   0.10    0.0326    0.0460     0.0961   -0.0501
  wav2vec2-base|kws-varied-K10-2   0.10    0.0304    0.0388     0.0926   -0.0538
  wav2vec2-base|kws-varied-K10-2   0.10    0.0072    0.0133     0.0545   -0.0412
  wav2vec2-base|kws-varied-K10-2   0.10    0.0617    0.1175     0.1440   -0.0266
  wav2vec2-base|kws-varied-K10-2   0.10    0.0339    0.0146     0.0983   -0.0837
  wav2vec2-base|kws-varied-K10-2   0.10    0.0187    0.0152     0.0733   -0.0582
  wav2vec2-base|kws-varied-K10-2   0.20    0.0544    0.0960     0.1143   -0.0184
  wav2vec2-base|kws-varied-K10-2   0.20    0.0979    0.2004     0.1859   +0.0145
  wav2vec2-base|kws-varied-K10-2   0.20    0.0544    0.0960     0.1143   -0.0184
  wav2vec2-base|kws-varied-K10-2   0.20    0.0419    0.0265     0.0938   -0.0673
  wav2vec2-base|kws-varied-K10-2   0.20    0.0326    0.0284     0.0784   -0.0501
  wav2vec2-base|kws-varied-K10-2   0.20    0.0304    0.0226     0.0749   -0.0524
  wav2vec2-base|kws-varied-K10-2   0.20    0.0072    0.0086     0.0368   -0.0282
  wav2vec2-base|kws-varied-K10-2   0.20    0.0617    0.0651     0.1264   -0.0613
  wav2vec2-base|kws-varied-K10-2   0.20    0.0339    0.0086     0.0807   -0.0721
  wav2vec2-base|kws-varied-K10-2   0.20    0.0187    0.0138     0.0557   -0.0419
  wav2vec2-base|kws-varied-K10-2   0.40    0.0544    0.0786     0.0790   -0.0004
  wav2vec2-base|kws-varied-K10-2   0.40    0.0979    0.1600     0.1506   +0.0095
  wav2vec2-base|kws-varied-K10-2   0.40    0.0544    0.0786     0.0790   -0.0004
  wav2vec2-base|kws-varied-K10-2   0.40    0.0419    0.0121     0.0585   -0.0464
  wav2vec2-base|kws-varied-K10-2   0.40    0.0326    0.0119     0.0431   -0.0313
  wav2vec2-base|kws-varied-K10-2   0.40    0.0304    0.0129     0.0396   -0.0267
  wav2vec2-base|kws-varied-K10-2   0.40    0.0072    0.0016     0.0015   +0.0001
  wav2vec2-base|kws-varied-K10-2   0.40    0.0617    0.0602     0.0911   -0.0308
  wav2vec2-base|kws-varied-K10-2   0.40    0.0339    0.0028     0.0454   -0.0426
  wav2vec2-base|kws-varied-K10-2   0.40    0.0187    0.0078     0.0203   -0.0125
  wav2vec2-base|kws-varied-K10-2   0.60    0.0544    0.0396     0.0437   -0.0041
  wav2vec2-base|kws-varied-K10-2   0.60    0.0979    0.0958     0.1153   -0.0195
  wav2vec2-base|kws-varied-K10-2   0.60    0.0544    0.0396     0.0437   -0.0041
  wav2vec2-base|kws-varied-K10-2   0.60    0.0419    0.0044     0.0232   -0.0188
  wav2vec2-base|kws-varied-K10-2   0.60    0.0326    0.0046     0.0078   -0.0032
  wav2vec2-base|kws-varied-K10-2   0.60    0.0304    0.0030     0.0043   -0.0013
  wav2vec2-base|kws-varied-K10-2   0.60    0.0072    0.0000    -0.0338   +0.0338
  wav2vec2-base|kws-varied-K10-2   0.60    0.0617    0.0319     0.0558   -0.0239
  wav2vec2-base|kws-varied-K10-2   0.60    0.0339    0.0000     0.0101   -0.0101
  wav2vec2-base|kws-varied-K10-2   0.60    0.0187    0.0042    -0.0150   +0.0192
  wav2vec2-base|kws-varied-K14-0   0.05    0.0848    0.1010     0.1908   -0.0898
  wav2vec2-base|kws-varied-K14-0   0.05    0.1194    0.1888     0.2478   -0.0590
  wav2vec2-base|kws-varied-K14-0   0.05    0.0848    0.1010     0.1908   -0.0898
  wav2vec2-base|kws-varied-K14-0   0.05    0.0628    0.0996     0.1547   -0.0550
  wav2vec2-base|kws-varied-K14-0   0.05    0.0622    0.0720     0.1537   -0.0817
  wav2vec2-base|kws-varied-K14-0   0.05    0.0431    0.0410     0.1222   -0.0812
  wav2vec2-base|kws-varied-K14-0   0.05    0.0431    0.0436     0.1222   -0.0787
  wav2vec2-base|kws-varied-K14-0   0.05    0.0331    0.0277     0.1058   -0.0781
  wav2vec2-base|kws-varied-K14-0   0.05    0.0742    0.1180     0.1733   -0.0553
  wav2vec2-base|kws-varied-K14-0   0.05    0.0695    0.0909     0.1657   -0.0747
  wav2vec2-base|kws-varied-K14-0   0.05    0.0453    0.0406     0.1258   -0.0853
  wav2vec2-base|kws-varied-K14-0   0.10    0.0848    0.0655     0.1820   -0.1165
  wav2vec2-base|kws-varied-K14-0   0.10    0.1194    0.1589     0.2390   -0.0800
  wav2vec2-base|kws-varied-K14-0   0.10    0.0848    0.0655     0.1820   -0.1165
  wav2vec2-base|kws-varied-K14-0   0.10    0.0628    0.0857     0.1459   -0.0601
  wav2vec2-base|kws-varied-K14-0   0.10    0.0622    0.0597     0.1449   -0.0852
  wav2vec2-base|kws-varied-K14-0   0.10    0.0431    0.0369     0.1134   -0.0765
  wav2vec2-base|kws-varied-K14-0   0.10    0.0431    0.0349     0.1134   -0.0785
  wav2vec2-base|kws-varied-K14-0   0.10    0.0331    0.0248     0.0970   -0.0721
  wav2vec2-base|kws-varied-K14-0   0.10    0.0742    0.0998     0.1645   -0.0647
  wav2vec2-base|kws-varied-K14-0   0.10    0.0695    0.0749     0.1568   -0.0819
  wav2vec2-base|kws-varied-K14-0   0.10    0.0453    0.0353     0.1170   -0.0817
  wav2vec2-base|kws-varied-K14-0   0.20    0.0848    0.0498     0.1644   -0.1146
  wav2vec2-base|kws-varied-K14-0   0.20    0.1194    0.1121     0.2213   -0.1092
  wav2vec2-base|kws-varied-K14-0   0.20    0.0848    0.0498     0.1644   -0.1146
  wav2vec2-base|kws-varied-K14-0   0.20    0.0628    0.0607     0.1282   -0.0675
  wav2vec2-base|kws-varied-K14-0   0.20    0.0622    0.0525     0.1272   -0.0748
  wav2vec2-base|kws-varied-K14-0   0.20    0.0431    0.0267     0.0957   -0.0690
  wav2vec2-base|kws-varied-K14-0   0.20    0.0431    0.0325     0.0957   -0.0632
  wav2vec2-base|kws-varied-K14-0   0.20    0.0331    0.0281     0.0793   -0.0513
  wav2vec2-base|kws-varied-K14-0   0.20    0.0742    0.0769     0.1468   -0.0699
  wav2vec2-base|kws-varied-K14-0   0.20    0.0695    0.0666     0.1392   -0.0726
  wav2vec2-base|kws-varied-K14-0   0.20    0.0453    0.0246     0.0993   -0.0747
  wav2vec2-base|kws-varied-K14-0   0.40    0.0848    0.0326     0.1290   -0.0965
  wav2vec2-base|kws-varied-K14-0   0.40    0.1194    0.0728     0.1860   -0.1132
  wav2vec2-base|kws-varied-K14-0   0.40    0.0848    0.0326     0.1290   -0.0965
  wav2vec2-base|kws-varied-K14-0   0.40    0.0628    0.0253     0.0929   -0.0676
  wav2vec2-base|kws-varied-K14-0   0.40    0.0622    0.0332     0.0919   -0.0587
  wav2vec2-base|kws-varied-K14-0   0.40    0.0431    0.0166     0.0604   -0.0437
  wav2vec2-base|kws-varied-K14-0   0.40    0.0431    0.0216     0.0604   -0.0388
  wav2vec2-base|kws-varied-K14-0   0.40    0.0331    0.0169     0.0440   -0.0271
  wav2vec2-base|kws-varied-K14-0   0.40    0.0742    0.0315     0.1115   -0.0800
  wav2vec2-base|kws-varied-K14-0   0.40    0.0695    0.0341     0.1039   -0.0698
  wav2vec2-base|kws-varied-K14-0   0.40    0.0453    0.0124     0.0640   -0.0517
  wav2vec2-base|kws-varied-K14-0   0.60    0.0848    0.0172     0.0937   -0.0765
  wav2vec2-base|kws-varied-K14-0   0.60    0.1194    0.0454     0.1507   -0.1053
  wav2vec2-base|kws-varied-K14-0   0.60    0.0848    0.0172     0.0937   -0.0765
  wav2vec2-base|kws-varied-K14-0   0.60    0.0628    0.0156     0.0576   -0.0419
  wav2vec2-base|kws-varied-K14-0   0.60    0.0622    0.0155     0.0566   -0.0411
  wav2vec2-base|kws-varied-K14-0   0.60    0.0431    0.0048     0.0251   -0.0203
  wav2vec2-base|kws-varied-K14-0   0.60    0.0431    0.0045     0.0251   -0.0206
  wav2vec2-base|kws-varied-K14-0   0.60    0.0331    0.0051     0.0087   -0.0036
  wav2vec2-base|kws-varied-K14-0   0.60    0.0742    0.0116     0.0762   -0.0646
  wav2vec2-base|kws-varied-K14-0   0.60    0.0695    0.0208     0.0686   -0.0478
  wav2vec2-base|kws-varied-K14-0   0.60    0.0453    0.0080     0.0287   -0.0207
  wav2vec2-base|kws-varied-K14-1   0.05    0.0535    0.0517     0.1393   -0.0876
  wav2vec2-base|kws-varied-K14-1   0.05    0.0936    0.1266     0.2052   -0.0786
  wav2vec2-base|kws-varied-K14-1   0.05    0.0534    0.0848     0.1392   -0.0543
  wav2vec2-base|kws-varied-K14-1   0.05    0.0443    0.0906     0.1242   -0.0336
  wav2vec2-base|kws-varied-K14-1   0.05    0.0352    0.0363     0.1092   -0.0729
  wav2vec2-base|kws-varied-K14-1   0.05    0.0312    0.0393     0.1027   -0.0634
  wav2vec2-base|kws-varied-K14-1   0.05    0.0245    0.0191     0.0916   -0.0725
  wav2vec2-base|kws-varied-K14-1   0.05    0.0235    0.0255     0.0901   -0.0645
  wav2vec2-base|kws-varied-K14-1   0.05    0.0721    0.1201     0.1699   -0.0498
  wav2vec2-base|kws-varied-K14-1   0.05    0.0657    0.0571     0.1594   -0.1023
  wav2vec2-base|kws-varied-K14-1   0.05    0.0301    0.0077     0.1008   -0.0932
  wav2vec2-base|kws-varied-K14-1   0.10    0.0535    0.0515     0.1305   -0.0789
  wav2vec2-base|kws-varied-K14-1   0.10    0.0936    0.1160     0.1964   -0.0804
  wav2vec2-base|kws-varied-K14-1   0.10    0.0534    0.0722     0.1303   -0.0582
  wav2vec2-base|kws-varied-K14-1   0.10    0.0443    0.0823     0.1154   -0.0331
  wav2vec2-base|kws-varied-K14-1   0.10    0.0352    0.0446     0.1004   -0.0558
  wav2vec2-base|kws-varied-K14-1   0.10    0.0312    0.0412     0.0939   -0.0527
  wav2vec2-base|kws-varied-K14-1   0.10    0.0245    0.0137     0.0828   -0.0691
  wav2vec2-base|kws-varied-K14-1   0.10    0.0235    0.0090     0.0812   -0.0722
  wav2vec2-base|kws-varied-K14-1   0.10    0.0721    0.1010     0.1611   -0.0601
  wav2vec2-base|kws-varied-K14-1   0.10    0.0657    0.0513     0.1506   -0.0993
  wav2vec2-base|kws-varied-K14-1   0.10    0.0301    0.0071     0.0920   -0.0849
  wav2vec2-base|kws-varied-K14-1   0.20    0.0535    0.0489     0.1128   -0.0639
  wav2vec2-base|kws-varied-K14-1   0.20    0.0936    0.0847     0.1788   -0.0940
  wav2vec2-base|kws-varied-K14-1   0.20    0.0534    0.0717     0.1127   -0.0410
  wav2vec2-base|kws-varied-K14-1   0.20    0.0443    0.0707     0.0977   -0.0270
  wav2vec2-base|kws-varied-K14-1   0.20    0.0352    0.0450     0.0827   -0.0378
  wav2vec2-base|kws-varied-K14-1   0.20    0.0312    0.0385     0.0762   -0.0377
  wav2vec2-base|kws-varied-K14-1   0.20    0.0245    0.0128     0.0651   -0.0524
  wav2vec2-base|kws-varied-K14-1   0.20    0.0235    0.0049     0.0636   -0.0587
  wav2vec2-base|kws-varied-K14-1   0.20    0.0721    0.0687     0.1434   -0.0747
  wav2vec2-base|kws-varied-K14-1   0.20    0.0657    0.0489     0.1329   -0.0840
  wav2vec2-base|kws-varied-K14-1   0.20    0.0301    0.0155     0.0744   -0.0589
  wav2vec2-base|kws-varied-K14-1   0.40    0.0535    0.0330     0.0775   -0.0445
  wav2vec2-base|kws-varied-K14-1   0.40    0.0936    0.0602     0.1434   -0.0832
  wav2vec2-base|kws-varied-K14-1   0.40    0.0534    0.0296     0.0774   -0.0477
  wav2vec2-base|kws-varied-K14-1   0.40    0.0443    0.0355     0.0624   -0.0269
  wav2vec2-base|kws-varied-K14-1   0.40    0.0352    0.0246     0.0474   -0.0228
  wav2vec2-base|kws-varied-K14-1   0.40    0.0312    0.0206     0.0409   -0.0203
  wav2vec2-base|kws-varied-K14-1   0.40    0.0245    0.0144     0.0298   -0.0155
  wav2vec2-base|kws-varied-K14-1   0.40    0.0235    0.0074     0.0283   -0.0208
  wav2vec2-base|kws-varied-K14-1   0.40    0.0721    0.0235     0.1081   -0.0846
  wav2vec2-base|kws-varied-K14-1   0.40    0.0657    0.0296     0.0976   -0.0680
  wav2vec2-base|kws-varied-K14-1   0.40    0.0301    0.0082     0.0390   -0.0308
  wav2vec2-base|kws-varied-K14-1   0.60    0.0535    0.0075     0.0422   -0.0347
  wav2vec2-base|kws-varied-K14-1   0.60    0.0936    0.0413     0.1081   -0.0668
  wav2vec2-base|kws-varied-K14-1   0.60    0.0534    0.0158     0.0421   -0.0263
  wav2vec2-base|kws-varied-K14-1   0.60    0.0443    0.0153     0.0271   -0.0118
  wav2vec2-base|kws-varied-K14-1   0.60    0.0352    0.0118     0.0121   -0.0003
  wav2vec2-base|kws-varied-K14-1   0.60    0.0312    0.0111     0.0056   +0.0056
  wav2vec2-base|kws-varied-K14-1   0.60    0.0245    0.0071    -0.0055   +0.0126
  wav2vec2-base|kws-varied-K14-1   0.60    0.0235    0.0050    -0.0070   +0.0121
  wav2vec2-base|kws-varied-K14-1   0.60    0.0721    0.0044     0.0728   -0.0684
  wav2vec2-base|kws-varied-K14-1   0.60    0.0657    0.0090     0.0623   -0.0533
  wav2vec2-base|kws-varied-K14-1   0.60    0.0301    0.0027     0.0037   -0.0011
  wav2vec2-base|kws-varied-K14-2   0.05    0.0465    0.0873     0.1278   -0.0404
  wav2vec2-base|kws-varied-K14-2   0.05    0.1007    0.2085     0.2170   -0.0085
  wav2vec2-base|kws-varied-K14-2   0.05    0.0641    0.1326     0.1568   -0.0242
  wav2vec2-base|kws-varied-K14-2   0.05    0.0563    0.1302     0.1440   -0.0138
  wav2vec2-base|kws-varied-K14-2   0.05    0.0507    0.1025     0.1348   -0.0323
  wav2vec2-base|kws-varied-K14-2   0.05    0.0476    0.0965     0.1296   -0.0332
  wav2vec2-base|kws-varied-K14-2   0.05    0.0292    0.0492     0.0993   -0.0502
  wav2vec2-base|kws-varied-K14-2   0.05    0.0139    0.0212     0.0742   -0.0530
  wav2vec2-base|kws-varied-K14-2   0.05    0.0432    0.0433     0.1225   -0.0792
  wav2vec2-base|kws-varied-K14-2   0.05    0.0333    0.0237     0.1061   -0.0824
  wav2vec2-base|kws-varied-K14-2   0.05    0.0302    0.0200     0.1011   -0.0810
  wav2vec2-base|kws-varied-K14-2   0.10    0.0465    0.0800     0.1189   -0.0389
  wav2vec2-base|kws-varied-K14-2   0.10    0.1007    0.1806     0.2082   -0.0276
  wav2vec2-base|kws-varied-K14-2   0.10    0.0641    0.1191     0.1480   -0.0289
  wav2vec2-base|kws-varied-K14-2   0.10    0.0563    0.1115     0.1352   -0.0236
  wav2vec2-base|kws-varied-K14-2   0.10    0.0507    0.0970     0.1260   -0.0290
  wav2vec2-base|kws-varied-K14-2   0.10    0.0476    0.0906     0.1208   -0.0302
  wav2vec2-base|kws-varied-K14-2   0.10    0.0292    0.0435     0.0905   -0.0470
  wav2vec2-base|kws-varied-K14-2   0.10    0.0139    0.0162     0.0654   -0.0492
  wav2vec2-base|kws-varied-K14-2   0.10    0.0432    0.0397     0.1137   -0.0740
  wav2vec2-base|kws-varied-K14-2   0.10    0.0333    0.0180     0.0973   -0.0793
  wav2vec2-base|kws-varied-K14-2   0.10    0.0302    0.0111     0.0922   -0.0811
  wav2vec2-base|kws-varied-K14-2   0.20    0.0465    0.0544     0.1013   -0.0469
  wav2vec2-base|kws-varied-K14-2   0.20    0.1007    0.1732     0.1905   -0.0174
  wav2vec2-base|kws-varied-K14-2   0.20    0.0641    0.0847     0.1304   -0.0457
  wav2vec2-base|kws-varied-K14-2   0.20    0.0563    0.0938     0.1175   -0.0237
  wav2vec2-base|kws-varied-K14-2   0.20    0.0507    0.0847     0.1083   -0.0236
  wav2vec2-base|kws-varied-K14-2   0.20    0.0476    0.0939     0.1031   -0.0092
  wav2vec2-base|kws-varied-K14-2   0.20    0.0292    0.0322     0.0728   -0.0407
  wav2vec2-base|kws-varied-K14-2   0.20    0.0139    0.0182     0.0477   -0.0295
  wav2vec2-base|kws-varied-K14-2   0.20    0.0432    0.0312     0.0960   -0.0648
  wav2vec2-base|kws-varied-K14-2   0.20    0.0333    0.0075     0.0797   -0.0722
  wav2vec2-base|kws-varied-K14-2   0.20    0.0302    0.0132     0.0746   -0.0614
  wav2vec2-base|kws-varied-K14-2   0.40    0.0465    0.0330     0.0660   -0.0330
  wav2vec2-base|kws-varied-K14-2   0.40    0.1007    0.1254     0.1552   -0.0298
  wav2vec2-base|kws-varied-K14-2   0.40    0.0641    0.0543     0.0950   -0.0408
  wav2vec2-base|kws-varied-K14-2   0.40    0.0563    0.0584     0.0822   -0.0238
  wav2vec2-base|kws-varied-K14-2   0.40    0.0507    0.0697     0.0730   -0.0033
  wav2vec2-base|kws-varied-K14-2   0.40    0.0476    0.0534     0.0678   -0.0144
  wav2vec2-base|kws-varied-K14-2   0.40    0.0292    0.0140     0.0375   -0.0236
  wav2vec2-base|kws-varied-K14-2   0.40    0.0139    0.0079     0.0124   -0.0045
  wav2vec2-base|kws-varied-K14-2   0.40    0.0432    0.0197     0.0607   -0.0410
  wav2vec2-base|kws-varied-K14-2   0.40    0.0333    0.0010     0.0443   -0.0433
  wav2vec2-base|kws-varied-K14-2   0.40    0.0302    0.0109     0.0393   -0.0283
  wav2vec2-base|kws-varied-K14-2   0.60    0.0465    0.0107     0.0307   -0.0200
  wav2vec2-base|kws-varied-K14-2   0.60    0.1007    0.0857     0.1199   -0.0342
  wav2vec2-base|kws-varied-K14-2   0.60    0.0641    0.0279     0.0597   -0.0318
  wav2vec2-base|kws-varied-K14-2   0.60    0.0563    0.0308     0.0469   -0.0160
  wav2vec2-base|kws-varied-K14-2   0.60    0.0507    0.0335     0.0377   -0.0041
  wav2vec2-base|kws-varied-K14-2   0.60    0.0476    0.0449     0.0325   +0.0124
  wav2vec2-base|kws-varied-K14-2   0.60    0.0292    0.0069     0.0022   +0.0047
  wav2vec2-base|kws-varied-K14-2   0.60    0.0139    0.0007    -0.0229   +0.0236
  wav2vec2-base|kws-varied-K14-2   0.60    0.0432    0.0114     0.0254   -0.0140
  wav2vec2-base|kws-varied-K14-2   0.60    0.0333    0.0042     0.0090   -0.0048
  wav2vec2-base|kws-varied-K14-2   0.60    0.0302    0.0020     0.0040   -0.0020
  wav2vec2-base|kws-varied-K20-0   0.05    0.0670    0.0688     0.1616   -0.0928
  wav2vec2-base|kws-varied-K20-0   0.05    0.0965    0.1428     0.2100   -0.0672
  wav2vec2-base|kws-varied-K20-0   0.05    0.0670    0.0688     0.1616   -0.0928
  wav2vec2-base|kws-varied-K20-0   0.05    0.0543    0.0729     0.1407   -0.0678
  wav2vec2-base|kws-varied-K20-0   0.05    0.0415    0.0512     0.1197   -0.0685
  wav2vec2-base|kws-varied-K20-0   0.05    0.0308    0.0485     0.1020   -0.0535
  wav2vec2-base|kws-varied-K20-0   0.05    0.0254    0.0336     0.0931   -0.0595
  wav2vec2-base|kws-varied-K20-0   0.05    0.0183    0.0272     0.0815   -0.0542
  wav2vec2-base|kws-varied-K20-0   0.05    0.0130    0.0104     0.0727   -0.0623
  wav2vec2-base|kws-varied-K20-0   0.05    0.1036    0.1496     0.2218   -0.0722
  wav2vec2-base|kws-varied-K20-0   0.05    0.0445    0.0558     0.1246   -0.0688
  wav2vec2-base|kws-varied-K20-0   0.05    0.0231    0.0226     0.0894   -0.0667
  wav2vec2-base|kws-varied-K20-0   0.10    0.0670    0.0563     0.1528   -0.0964
  wav2vec2-base|kws-varied-K20-0   0.10    0.0965    0.1351     0.2012   -0.0661
  wav2vec2-base|kws-varied-K20-0   0.10    0.0670    0.0563     0.1528   -0.0964
  wav2vec2-base|kws-varied-K20-0   0.10    0.0543    0.0496     0.1318   -0.0823
  wav2vec2-base|kws-varied-K20-0   0.10    0.0415    0.0458     0.1109   -0.0650
  wav2vec2-base|kws-varied-K20-0   0.10    0.0308    0.0512     0.0932   -0.0421
  wav2vec2-base|kws-varied-K20-0   0.10    0.0254    0.0212     0.0843   -0.0631
  wav2vec2-base|kws-varied-K20-0   0.10    0.0183    0.0135     0.0726   -0.0591
  wav2vec2-base|kws-varied-K20-0   0.10    0.0130    0.0083     0.0639   -0.0556
  wav2vec2-base|kws-varied-K20-0   0.10    0.1036    0.1263     0.2129   -0.0867
  wav2vec2-base|kws-varied-K20-0   0.10    0.0445    0.0315     0.1157   -0.0842
  wav2vec2-base|kws-varied-K20-0   0.10    0.0231    0.0122     0.0805   -0.0683
  wav2vec2-base|kws-varied-K20-0   0.20    0.0670    0.0281     0.1351   -0.1070
  wav2vec2-base|kws-varied-K20-0   0.20    0.0965    0.1024     0.1835   -0.0811
  wav2vec2-base|kws-varied-K20-0   0.20    0.0670    0.0281     0.1351   -0.1070
  wav2vec2-base|kws-varied-K20-0   0.20    0.0543    0.0361     0.1142   -0.0781
  wav2vec2-base|kws-varied-K20-0   0.20    0.0415    0.0249     0.0932   -0.0683
  wav2vec2-base|kws-varied-K20-0   0.20    0.0308    0.0473     0.0756   -0.0283
  wav2vec2-base|kws-varied-K20-0   0.20    0.0254    0.0143     0.0666   -0.0523
  wav2vec2-base|kws-varied-K20-0   0.20    0.0183    0.0099     0.0550   -0.0451
  wav2vec2-base|kws-varied-K20-0   0.20    0.0130    0.0071     0.0462   -0.0392
  wav2vec2-base|kws-varied-K20-0   0.20    0.1036    0.1000     0.1953   -0.0953
  wav2vec2-base|kws-varied-K20-0   0.20    0.0445    0.0279     0.0981   -0.0702
  wav2vec2-base|kws-varied-K20-0   0.20    0.0231    0.0077     0.0629   -0.0552
  wav2vec2-base|kws-varied-K20-0   0.40    0.0670    0.0118     0.0998   -0.0880
  wav2vec2-base|kws-varied-K20-0   0.40    0.0965    0.0735     0.1482   -0.0747
  wav2vec2-base|kws-varied-K20-0   0.40    0.0670    0.0118     0.0998   -0.0880
  wav2vec2-base|kws-varied-K20-0   0.40    0.0543    0.0208     0.0789   -0.0581
  wav2vec2-base|kws-varied-K20-0   0.40    0.0415    0.0124     0.0579   -0.0455
  wav2vec2-base|kws-varied-K20-0   0.40    0.0308    0.0326     0.0402   -0.0077
  wav2vec2-base|kws-varied-K20-0   0.40    0.0254    0.0060     0.0313   -0.0253
  wav2vec2-base|kws-varied-K20-0   0.40    0.0183    0.0032     0.0197   -0.0165
  wav2vec2-base|kws-varied-K20-0   0.40    0.0130    0.0088     0.0109   -0.0021
  wav2vec2-base|kws-varied-K20-0   0.40    0.1036    0.0499     0.1600   -0.1101
  wav2vec2-base|kws-varied-K20-0   0.40    0.0445    0.0095     0.0628   -0.0532
  wav2vec2-base|kws-varied-K20-0   0.40    0.0231    0.0044     0.0276   -0.0232
  wav2vec2-base|kws-varied-K20-0   0.60    0.0670    0.0145     0.0645   -0.0500
  wav2vec2-base|kws-varied-K20-0   0.60    0.0965    0.0535     0.1129   -0.0594
  wav2vec2-base|kws-varied-K20-0   0.60    0.0670    0.0145     0.0645   -0.0500
  wav2vec2-base|kws-varied-K20-0   0.60    0.0543    0.0070     0.0436   -0.0365
  wav2vec2-base|kws-varied-K20-0   0.60    0.0415    0.0043     0.0226   -0.0183
  wav2vec2-base|kws-varied-K20-0   0.60    0.0308    0.0111     0.0049   +0.0061
  wav2vec2-base|kws-varied-K20-0   0.60    0.0254    0.0076    -0.0040   +0.0116
  wav2vec2-base|kws-varied-K20-0   0.60    0.0183    0.0022    -0.0156   +0.0178
  wav2vec2-base|kws-varied-K20-0   0.60    0.0130    0.0047    -0.0244   +0.0291
  wav2vec2-base|kws-varied-K20-0   0.60    0.1036    0.0336     0.1247   -0.0910
  wav2vec2-base|kws-varied-K20-0   0.60    0.0445    0.0089     0.0275   -0.0185
  wav2vec2-base|kws-varied-K20-0   0.60    0.0231    0.0043    -0.0077   +0.0121
  wav2vec2-base|kws-varied-K20-1   0.05    0.0874    0.1371     0.1950   -0.0580
  wav2vec2-base|kws-varied-K20-1   0.05    0.1340    0.2115     0.2718   -0.0603
  wav2vec2-base|kws-varied-K20-1   0.05    0.0927    0.1617     0.2039   -0.0422
  wav2vec2-base|kws-varied-K20-1   0.05    0.0808    0.1638     0.1842   -0.0204
  wav2vec2-base|kws-varied-K20-1   0.05    0.0576    0.1157     0.1462   -0.0305
  wav2vec2-base|kws-varied-K20-1   0.05    0.0503    0.1121     0.1340   -0.0219
  wav2vec2-base|kws-varied-K20-1   0.05    0.0411    0.0918     0.1189   -0.0271
  wav2vec2-base|kws-varied-K20-1   0.05    0.0239    0.0887     0.0906   -0.0019
  wav2vec2-base|kws-varied-K20-1   0.05    0.0166    0.0377     0.0786   -0.0409
  wav2vec2-base|kws-varied-K20-1   0.05    0.1004    0.1253     0.2165   -0.0911
  wav2vec2-base|kws-varied-K20-1   0.05    0.0584    0.0685     0.1475   -0.0790
  wav2vec2-base|kws-varied-K20-1   0.05    0.0438    0.0497     0.1234   -0.0737
  wav2vec2-base|kws-varied-K20-1   0.10    0.0874    0.1235     0.1862   -0.0627
  wav2vec2-base|kws-varied-K20-1   0.10    0.1340    0.1836     0.2630   -0.0794
  wav2vec2-base|kws-varied-K20-1   0.10    0.0927    0.1376     0.1951   -0.0575
  wav2vec2-base|kws-varied-K20-1   0.10    0.0808    0.1339     0.1754   -0.0415
  wav2vec2-base|kws-varied-K20-1   0.10    0.0576    0.1021     0.1373   -0.0352
  wav2vec2-base|kws-varied-K20-1   0.10    0.0503    0.1064     0.1252   -0.0188
  wav2vec2-base|kws-varied-K20-1   0.10    0.0411    0.0907     0.1101   -0.0194
  wav2vec2-base|kws-varied-K20-1   0.10    0.0239    0.0837     0.0818   +0.0019
  wav2vec2-base|kws-varied-K20-1   0.10    0.0166    0.0360     0.0698   -0.0337
  wav2vec2-base|kws-varied-K20-1   0.10    0.1004    0.1154     0.2076   -0.0922
  wav2vec2-base|kws-varied-K20-1   0.10    0.0584    0.0456     0.1386   -0.0931
  wav2vec2-base|kws-varied-K20-1   0.10    0.0438    0.0419     0.1146   -0.0727
  wav2vec2-base|kws-varied-K20-1   0.20    0.0874    0.0760     0.1685   -0.0926
  wav2vec2-base|kws-varied-K20-1   0.20    0.1340    0.1366     0.2453   -0.1087
  wav2vec2-base|kws-varied-K20-1   0.20    0.0927    0.0957     0.1774   -0.0817
  wav2vec2-base|kws-varied-K20-1   0.20    0.0808    0.0951     0.1577   -0.0626
  wav2vec2-base|kws-varied-K20-1   0.20    0.0576    0.0846     0.1197   -0.0351
  wav2vec2-base|kws-varied-K20-1   0.20    0.0503    0.0872     0.1075   -0.0204
  wav2vec2-base|kws-varied-K20-1   0.20    0.0411    0.0845     0.0924   -0.0079
  wav2vec2-base|kws-varied-K20-1   0.20    0.0239    0.0626     0.0641   -0.0016
  wav2vec2-base|kws-varied-K20-1   0.20    0.0166    0.0239     0.0521   -0.0282
  wav2vec2-base|kws-varied-K20-1   0.20    0.1004    0.0685     0.1900   -0.1215
  wav2vec2-base|kws-varied-K20-1   0.20    0.0584    0.0332     0.1210   -0.0878
  wav2vec2-base|kws-varied-K20-1   0.20    0.0438    0.0323     0.0969   -0.0646
  wav2vec2-base|kws-varied-K20-1   0.40    0.0874    0.0839     0.1332   -0.0493
  wav2vec2-base|kws-varied-K20-1   0.40    0.1340    0.1010     0.2100   -0.1090
  wav2vec2-base|kws-varied-K20-1   0.40    0.0927    0.0677     0.1421   -0.0744
  wav2vec2-base|kws-varied-K20-1   0.40    0.0808    0.0620     0.1224   -0.0604
  wav2vec2-base|kws-varied-K20-1   0.40    0.0576    0.0534     0.0844   -0.0310
  wav2vec2-base|kws-varied-K20-1   0.40    0.0503    0.0679     0.0722   -0.0043
  wav2vec2-base|kws-varied-K20-1   0.40    0.0411    0.0622     0.0571   +0.0051
  wav2vec2-base|kws-varied-K20-1   0.40    0.0239    0.0451     0.0288   +0.0162
  wav2vec2-base|kws-varied-K20-1   0.40    0.0166    0.0190     0.0168   +0.0022
  wav2vec2-base|kws-varied-K20-1   0.40    0.1004    0.0618     0.1547   -0.0929
  wav2vec2-base|kws-varied-K20-1   0.40    0.0584    0.0165     0.0857   -0.0692
  wav2vec2-base|kws-varied-K20-1   0.40    0.0438    0.0246     0.0616   -0.0370
  wav2vec2-base|kws-varied-K20-1   0.60    0.0874    0.0471     0.0979   -0.0509
  wav2vec2-base|kws-varied-K20-1   0.60    0.1340    0.0685     0.1747   -0.1062
  wav2vec2-base|kws-varied-K20-1   0.60    0.0927    0.0439     0.1068   -0.0628
  wav2vec2-base|kws-varied-K20-1   0.60    0.0808    0.0380     0.0871   -0.0491
  wav2vec2-base|kws-varied-K20-1   0.60    0.0576    0.0402     0.0490   -0.0088
  wav2vec2-base|kws-varied-K20-1   0.60    0.0503    0.0255     0.0369   -0.0114
  wav2vec2-base|kws-varied-K20-1   0.60    0.0411    0.0406     0.0218   +0.0188
  wav2vec2-base|kws-varied-K20-1   0.60    0.0239    0.0320    -0.0065   +0.0384
  wav2vec2-base|kws-varied-K20-1   0.60    0.0166    0.0281    -0.0185   +0.0466
  wav2vec2-base|kws-varied-K20-1   0.60    0.1004    0.0455     0.1194   -0.0738
  wav2vec2-base|kws-varied-K20-1   0.60    0.0584    0.0077     0.0504   -0.0426
  wav2vec2-base|kws-varied-K20-1   0.60    0.0438    0.0231     0.0263   -0.0032
  wav2vec2-base|kws-varied-K20-2   0.05    0.0729    0.1275     0.1712   -0.0437
  wav2vec2-base|kws-varied-K20-2   0.05    0.1279    0.2336     0.2618   -0.0282
  wav2vec2-base|kws-varied-K20-2   0.05    0.0729    0.1275     0.1712   -0.0437
  wav2vec2-base|kws-varied-K20-2   0.05    0.0626    0.0938     0.1543   -0.0606
  wav2vec2-base|kws-varied-K20-2   0.05    0.0619    0.1303     0.1532   -0.0229
  wav2vec2-base|kws-varied-K20-2   0.05    0.0595    0.1383     0.1492   -0.0108
  wav2vec2-base|kws-varied-K20-2   0.05    0.0434    0.1036     0.1227   -0.0192
  wav2vec2-base|kws-varied-K20-2   0.05    0.0327    0.0668     0.1051   -0.0382
  wav2vec2-base|kws-varied-K20-2   0.05    0.0246    0.0472     0.0918   -0.0447
  wav2vec2-base|kws-varied-K20-2   0.05    0.0927    0.0792     0.2039   -0.1247
  wav2vec2-base|kws-varied-K20-2   0.05    0.0558    0.0481     0.1432   -0.0951
  wav2vec2-base|kws-varied-K20-2   0.05    0.0110    0.0160     0.0695   -0.0536
  wav2vec2-base|kws-varied-K20-2   0.10    0.0729    0.1067     0.1624   -0.0557
  wav2vec2-base|kws-varied-K20-2   0.10    0.1279    0.2140     0.2529   -0.0389
  wav2vec2-base|kws-varied-K20-2   0.10    0.0729    0.1067     0.1624   -0.0557
  wav2vec2-base|kws-varied-K20-2   0.10    0.0626    0.0850     0.1455   -0.0606
  wav2vec2-base|kws-varied-K20-2   0.10    0.0619    0.1235     0.1444   -0.0208
  wav2vec2-base|kws-varied-K20-2   0.10    0.0595    0.1230     0.1404   -0.0173
  wav2vec2-base|kws-varied-K20-2   0.10    0.0434    0.0888     0.1139   -0.0251
  wav2vec2-base|kws-varied-K20-2   0.10    0.0327    0.0669     0.0962   -0.0293
  wav2vec2-base|kws-varied-K20-2   0.10    0.0246    0.0449     0.0830   -0.0381
  wav2vec2-base|kws-varied-K20-2   0.10    0.0927    0.0593     0.1951   -0.1358
  wav2vec2-base|kws-varied-K20-2   0.10    0.0558    0.0452     0.1344   -0.0892
  wav2vec2-base|kws-varied-K20-2   0.10    0.0110    0.0119     0.0607   -0.0488
  wav2vec2-base|kws-varied-K20-2   0.20    0.0729    0.0921     0.1447   -0.0526
  wav2vec2-base|kws-varied-K20-2   0.20    0.1279    0.1740     0.2353   -0.0613
  wav2vec2-base|kws-varied-K20-2   0.20    0.0729    0.0921     0.1447   -0.0526
  wav2vec2-base|kws-varied-K20-2   0.20    0.0626    0.0495     0.1279   -0.0784
  wav2vec2-base|kws-varied-K20-2   0.20    0.0619    0.1024     0.1267   -0.0243
  wav2vec2-base|kws-varied-K20-2   0.20    0.0595    0.1019     0.1227   -0.0208
  wav2vec2-base|kws-varied-K20-2   0.20    0.0434    0.0715     0.0962   -0.0247
  wav2vec2-base|kws-varied-K20-2   0.20    0.0327    0.0507     0.0786   -0.0279
  wav2vec2-base|kws-varied-K20-2   0.20    0.0246    0.0478     0.0654   -0.0176
  wav2vec2-base|kws-varied-K20-2   0.20    0.0927    0.0521     0.1774   -0.1253
  wav2vec2-base|kws-varied-K20-2   0.20    0.0558    0.0201     0.1167   -0.0967
  wav2vec2-base|kws-varied-K20-2   0.20    0.0110    0.0098     0.0431   -0.0333
  wav2vec2-base|kws-varied-K20-2   0.40    0.0729    0.0522     0.1094   -0.0572
  wav2vec2-base|kws-varied-K20-2   0.40    0.1279    0.1238     0.2000   -0.0762
  wav2vec2-base|kws-varied-K20-2   0.40    0.0729    0.0522     0.1094   -0.0572
  wav2vec2-base|kws-varied-K20-2   0.40    0.0626    0.0303     0.0926   -0.0623
  wav2vec2-base|kws-varied-K20-2   0.40    0.0619    0.0550     0.0914   -0.0363
  wav2vec2-base|kws-varied-K20-2   0.40    0.0595    0.0660     0.0874   -0.0214
  wav2vec2-base|kws-varied-K20-2   0.40    0.0434    0.0446     0.0609   -0.0163
  wav2vec2-base|kws-varied-K20-2   0.40    0.0327    0.0280     0.0433   -0.0153
  wav2vec2-base|kws-varied-K20-2   0.40    0.0246    0.0253     0.0301   -0.0048
  wav2vec2-base|kws-varied-K20-2   0.40    0.0927    0.0321     0.1421   -0.1100
  wav2vec2-base|kws-varied-K20-2   0.40    0.0558    0.0091     0.0814   -0.0723
  wav2vec2-base|kws-varied-K20-2   0.40    0.0110    0.0025     0.0077   -0.0053
  wav2vec2-base|kws-varied-K20-2   0.60    0.0729    0.0243     0.0741   -0.0497
  wav2vec2-base|kws-varied-K20-2   0.60    0.1279    0.1012     0.1647   -0.0635
  wav2vec2-base|kws-varied-K20-2   0.60    0.0729    0.0243     0.0741   -0.0497
  wav2vec2-base|kws-varied-K20-2   0.60    0.0626    0.0088     0.0572   -0.0484
  wav2vec2-base|kws-varied-K20-2   0.60    0.0619    0.0354     0.0561   -0.0207
  wav2vec2-base|kws-varied-K20-2   0.60    0.0595    0.0388     0.0521   -0.0133
  wav2vec2-base|kws-varied-K20-2   0.60    0.0434    0.0366     0.0256   +0.0110
  wav2vec2-base|kws-varied-K20-2   0.60    0.0327    0.0214     0.0080   +0.0135
  wav2vec2-base|kws-varied-K20-2   0.60    0.0246    0.0157    -0.0053   +0.0210
  wav2vec2-base|kws-varied-K20-2   0.60    0.0927    0.0143     0.1068   -0.0925
  wav2vec2-base|kws-varied-K20-2   0.60    0.0558    0.0095     0.0461   -0.0366
  wav2vec2-base|kws-varied-K20-2   0.60    0.0110    0.0016    -0.0276   +0.0292

  MAE by operating point (does the rule degrade as p_ood rises?)
      p_ood 0.05  MAE 0.0854
      p_ood 0.1   MAE 0.0994
      p_ood 0.2   MAE 0.1200
      p_ood 0.4   MAE 0.1326
      p_ood 0.6   MAE 0.1277

  span of realised retreat across the p_ood range, per domain
      audio    n=   1  0.0674 -> 0.0000   to zero
      derm     n=  49  0.2048 -> 0.0346   5.9
      kws      n=  15  0.0876 -> 0.0277   3.2
      plants   n= 148  0.2840 -> 0.1788   1.6
      text     n=   1  0.3973 -> 0.1731   2.3

      A rule fitted where retreat barely moves cannot be quoted where it does.
